,node_1,node_2
12180,40491,45128
12149,40491,34793
12156,40491,11464
12155,40491,34804
12154,40491,18949
12153,40491,1713
12152,40491,12946
12151,40491,14900
12150,40491,2385
12148,40491,37300
12158,40491,2250
12147,40491,34791
12146,40491,27569
12145,40491,13388
12144,40491,39033
12143,40491,44671
12142,40491,16865
12141,40491,39622
12157,40491,31237
12159,40491,25702
12139,40491,39354
12169,40491,24448
12176,40491,4323
12175,40491,27817
12174,40491,9728
12173,40491,43524
12172,40491,42899
12171,40491,46891
12170,40491,25024
12168,40491,9715
12160,40491,7416
12167,40491,10079
12166,40491,25184
12165,40491,35187
12164,40491,3087
12163,40491,27420
12162,40491,4273
12161,40491,24519
12140,40491,31329
12137,40491,34959
12178,40491,22433
12108,40491,32114
12115,40491,16081
12114,40491,39928
12113,40491,33419
12112,40491,44401
12111,40491,3331
12110,40491,46911
12109,40491,34416
12107,40491,13380
12117,40491,3261
12106,40491,34641
12105,40491,2561
12104,40491,31542
12103,40491,22086
12102,40491,44538
12101,40491,25047
12100,40491,22301
12116,40491,24693
12118,40491,24529
12136,40491,18559
12128,40491,16835
12135,40491,38743
12134,40491,16299
12133,40491,6914
12132,40491,36873
12131,40491,46996
12130,40491,28824
12129,40491,12464
12127,40491,1227
12119,40491,23536
12126,40491,22592
12125,40491,36669
12124,40491,42714
12123,40491,21246
12122,40491,30627
12121,40491,22733
12120,40491,3164
12177,40491,43325
12138,40491,43244
12188,40491,3114
12195,40491,34436
12193,40491,42095
12192,40491,7752
12191,40491,37568
12190,40491,19752
12189,40491,31485
12187,40491,46668
12186,40491,47324
12185,40491,5041
12184,40491,25577
12183,40491,19379
12182,40491,25389
12181,40491,47107
12179,40491,36183
12194,40491,12071
121794,14900,38408
121790,14900,21739
121821,14900,30149
121822,14900,11012
121823,14900,18944
121824,14900,34996
121825,14900,38696
121826,14900,21665
121827,14900,21136
121828,14900,10640
121829,14900,20248
121791,14900,31329
121789,14900,16786
121792,14900,22109
121788,14900,21565
121787,14900,42365
121786,14900,33943
121785,14900,19073
121845,14900,23308
121784,14900,28018
121783,14900,44769
121782,14900,23373
121781,14900,15699
121780,14900,19384
121820,14900,16317
121819,14900,24944
121795,14900,46460
121806,14900,47402
121796,14900,20327
121797,14900,32686
121798,14900,35271
121799,14900,33939
121800,14900,46968
121801,14900,22133
121802,14900,20345
121803,14900,41835
121804,14900,35686
121805,14900,15820
121807,14900,24903
121818,14900,22937
121808,14900,45441
121809,14900,45446
121810,14900,27723
121793,14900,38577
121812,14900,34229
121813,14900,17800
121814,14900,27730
121815,14900,35730
121816,14900,17997
121817,14900,22360
121811,14900,31322
121846,14900,37173
121779,14900,41100
121837,14900,18632
121848,14900,45345
121847,14900,21189
121850,14900,15524
121830,14900,27596
121831,14900,28529
121832,14900,43876
121778,14900,20476
121834,14900,26519
121835,14900,30355
121836,14900,14733
121833,14900,40253
121849,14900,45544
121844,14900,46892
121838,14900,27055
121839,14900,27059
121840,14900,41460
121841,14900,41584
121843,14900,32263
121842,14900,47509
874,85,22075
876,85,43754
875,85,26616
72509,42470,30436
873,85,32395
872,85,29882
72510,42470,12614
870,85,454
72508,42470,34002
72511,42470,40663
871,85,10239
882,85,29361
877,85,20209
878,85,45615
879,85,30853
880,85,44317
881,85,37130
72513,42470,32941
883,85,25506
884,85,16954
885,85,6811
886,85,9016
887,85,1870
888,85,28562
72512,42470,9320
72464,42470,14632
72514,42470,32908
72515,42470,38721
72457,42470,43585
72456,42470,40692
72455,42470,9893
72471,42470,25980
932,85,24130
931,85,18785
930,85,13067
929,85,40688
72458,42470,16662
72459,42470,46474
72460,42470,38062
72461,42470,11410
72462,42470,44648
72463,42470,19070
890,85,30193
72465,42470,20661
72466,42470,18632
72467,42470,25204
72468,42470,15851
72469,42470,8680
72470,42470,20392
72517,42470,37422
72516,42470,15120
889,85,13171
72495,42470,47509
72494,42470,8794
892,85,35845
923,85,35001
922,85,42181
921,85,12347
920,85,41243
919,85,43472
72478,42470,19533
72477,42470,35801
72476,42470,22328
72475,42470,8323
72474,42470,22991
918,85,9506
72473,42470,25183
72496,42470,8641
72497,42470,21499
72498,42470,44511
924,85,818
925,85,6261
926,85,25044
72487,42470,33131
72493,42470,36490
72492,42470,25265
72491,42470,10448
72490,42470,12907
72489,42470,47048
72488,42470,22602
72486,42470,28228
72479,42470,11899
72485,42470,33968
72484,42470,20227
72483,42470,31974
72482,42470,23961
72481,42470,20933
72480,42470,17740
927,85,15175
928,85,29515
72499,42470,3157
900,85,8287
906,85,33504
905,85,12788
904,85,28136
903,85,39961
902,85,8309
901,85,32473
899,85,662
908,85,34174
898,85,44277
897,85,42318
896,85,15728
895,85,15016
894,85,8197
893,85,4975
907,85,23932
909,85,45255
72500,42470,10433
72502,42470,36744
917,85,898
916,85,18680
915,85,10063
914,85,12009
913,85,665
72501,42470,12300
72503,42470,6399
910,85,21131
72504,42470,29196
72505,42470,9794
72506,42470,29533
72507,42470,40980
912,85,26414
911,85,22302
891,85,45069
72472,42470,34003
45549,33319,34198
45528,33319,7900
45571,33319,9610
45572,33319,37740
45573,33319,26287
45574,33319,25630
45537,33319,32510
45536,33319,4836
45535,33319,27896
45534,33319,39615
45533,33319,38478
45532,33319,42739
45531,33319,22184
45530,33319,32504
45529,33319,36570
45527,33319,7491
45569,33319,23189
45526,33319,22462
45525,33319,33792
45524,33319,18573
45523,33319,22552
45521,33319,12513
45520,33319,23765
45519,33319,8844
45518,33319,32278
45517,33319,16579
45516,33319,46968
45515,33319,27139
45514,33319,8267
45550,33319,32425
45570,33319,34397
45522,33319,26953
45568,33319,30748
45558,33319,22420
45567,33319,14663
45547,33319,20766
45546,33319,25442
45545,33319,26519
45543,33319,11368
45551,33319,27394
45552,33319,36464
45553,33319,21000
45548,33319,40249
45554,33319,7568
45555,33319,31070
45556,33319,25117
45557,33319,44129
45544,33319,25605
45559,33319,5543
45541,33319,16128
45566,33319,30580
45560,33319,47321
45565,33319,36018
45539,33319,7301
45540,33319,39637
45538,33319,33958
45542,33319,44953
45564,33319,21128
45563,33319,29348
45562,33319,34434
45561,33319,46679
42199,4338,12907
42190,4338,25391
42198,4338,8695
42197,4338,47048
42196,4338,27275
42195,4338,12481
42194,4338,15851
42193,4338,34299
42192,4338,5293
42191,4338,41026
42185,4338,26200
42189,4338,13721
42188,4338,25507
42187,4338,30410
42186,4338,42273
42184,4338,4939
42183,4338,31455
42182,4338,11410
42181,4338,15614
42201,4338,24219
42200,4338,13823
42215,4338,31144
42202,4338,40823
42203,4338,22006
42179,4338,5457
42222,4338,8716
42221,4338,31610
42220,4338,35230
42219,4338,21136
42218,4338,5995
42217,4338,33696
42216,4338,21646
42214,4338,45243
42213,4338,15828
42212,4338,7425
42211,4338,32867
42210,4338,14632
42209,4338,34094
42208,4338,33275
42207,4338,30427
42206,4338,47000
42205,4338,41110
42204,4338,23589
42180,4338,24567
119801,14597,41113
42178,4338,27615
119795,14597,37183
119797,14597,16850
119798,14597,27923
119799,14597,35141
119800,14597,44590
42224,4338,47537
119802,14597,42821
119803,14597,44296
119804,14597,15090
119805,14597,37173
119806,14597,15687
119807,14597,29406
119808,14597,41487
119809,14597,33478
119810,14597,1024
119811,14597,46621
119812,14597,33378
119813,14597,40956
119814,14597,20147
119815,14597,1452
119796,14597,26982
119794,14597,36600
42177,4338,29634
119793,14597,36970
42175,4338,19070
42174,4338,20933
42173,4338,29163
42172,4338,28624
42171,4338,8319
42170,4338,16724
42169,4338,9293
42168,4338,26257
42167,4338,8952
42166,4338,13905
42165,4338,29932
119784,14597,38488
119786,14597,29910
119787,14597,28680
119788,14597,19325
119789,14597,30525
119790,14597,21551
119791,14597,38687
119792,14597,25438
42223,4338,9794
119785,14597,35851
42176,4338,19934
119775,14597,20300
119758,14597,16093
119759,14597,37187
119760,14597,36804
119761,14597,29384
119762,14597,46998
119763,14597,37158
119776,14597,29953
119764,14597,21512
119774,14597,34884
119756,14597,19009
119773,14597,25088
119772,14597,27810
119765,14597,27151
119766,14597,20926
119768,14597,21081
119769,14597,43763
119770,14597,37246
119771,14597,20174
119757,14597,37038
119767,14597,39808
119780,14597,24010
119777,14597,21472
119783,14597,15017
119782,14597,23223
119781,14597,38648
119778,14597,41357
119779,14597,34857
31911,3173,29532
31912,3173,22222
31872,3173,11282
31879,3173,10578
31878,3173,19275
31877,3173,34791
31876,3173,46431
31875,3173,44272
31874,3173,45115
31899,3173,14612
31913,3173,44949
31900,3173,39050
31914,3173,35279
31857,3173,13705
31870,3173,35120
31858,3173,29826
31859,3173,25828
31860,3173,12028
31861,3173,23685
31862,3173,36262
31863,3173,16444
31864,3173,25761
31865,3173,8824
31866,3173,34094
31867,3173,21161
31868,3173,24459
31869,3173,45884
31871,3173,4524
31873,3173,37813
31910,3173,33258
31884,3173,19501
31891,3173,24858
31890,3173,46629
31889,3173,38067
31888,3173,42910
31887,3173,9154
31894,3173,15421
31895,3173,31785
31896,3173,26984
31897,3173,3638
31898,3173,42714
31893,3173,32480
31886,3173,28904
31885,3173,6966
31892,3173,35076
31883,3173,11248
31880,3173,20462
31909,3173,18660
31908,3173,30437
31881,3173,29245
31907,3173,25702
31906,3173,11511
31905,3173,26675
31904,3173,43996
31903,3173,44806
31902,3173,13962
31901,3173,32622
31882,3173,22570
127272,15724,31888
127273,15724,39713
127271,15724,31485
127270,15724,40478
127269,15724,21809
127268,15724,25277
127267,15724,39121
127266,15724,20799
127265,15724,47498
127263,15724,27420
127262,15724,34090
127264,15724,29261
42807,4411,35871
42811,4411,33363
42810,4411,39661
14822,1397,4040
14821,1397,19926
42796,4411,20504
42797,4411,35776
42798,4411,44737
42799,4411,27685
42801,4411,11000
42802,4411,23505
42803,4411,6798
42804,4411,1579
42805,4411,31815
42806,4411,31095
127260,15724,43301
42808,4411,40253
42809,4411,19106
127261,15724,41849
127222,15724,25690
127259,15724,24448
127258,15724,26470
127235,15724,26959
127234,15724,16823
127233,15724,29715
127232,15724,39373
127231,15724,26373
127230,15724,31398
127229,15724,21405
127228,15724,32129
127227,15724,16985
127226,15724,40731
127225,15724,44985
127224,15724,44980
127223,15724,32114
14824,1397,22586
127221,15724,38295
127220,15724,18481
127219,15724,20305
127218,15724,25948
127217,15724,22644
127236,15724,42595
127237,15724,43219
127238,15724,17019
127249,15724,27384
127257,15724,37525
127256,15724,27589
127255,15724,19145
127254,15724,36141
127253,15724,32019
127252,15724,35554
127251,15724,40149
127250,15724,31331
127248,15724,29552
127239,15724,40377
127247,15724,35338
127246,15724,33111
127245,15724,19523
127244,15724,15958
127243,15724,15982
127242,15724,34028
127241,15724,46605
127240,15724,27906
14823,1397,7956
42800,4411,16856
14825,1397,40190
14872,1397,34120
42779,4411,18202
42780,4411,4292
42781,4411,34980
42782,4411,6442
42783,4411,11692
42784,4411,8552
42785,4411,17154
42786,4411,38303
42787,4411,19528
42788,4411,9314
42789,4411,37064
42790,4411,17747
42791,4411,22208
42792,4411,38258
42793,4411,11216
42794,4411,27296
42795,4411,16741
14877,1397,41232
14876,1397,43952
14875,1397,9978
14874,1397,3827
42778,4411,44024
42777,4411,4969
42776,4411,20265
42764,4411,20018
42755,4411,5085
42756,4411,11107
42757,4411,20927
42758,4411,24452
42759,4411,9945
42760,4411,36258
42761,4411,24378
42762,4411,17377
42763,4411,606
14826,1397,42019
42775,4411,38464
42766,4411,10886
42767,4411,35289
42768,4411,2094
42769,4411,18800
42770,4411,24105
42771,4411,33483
42772,4411,5769
42773,4411,17339
42774,4411,45624
14873,1397,4779
42765,4411,14875
14871,1397,27406
14828,1397,27145
14847,1397,46005
14846,1397,28512
14845,1397,22478
14844,1397,9641
14843,1397,38401
14841,1397,27349
14840,1397,45116
14839,1397,7862
14838,1397,26530
14829,1397,17378
14849,1397,23586
14830,1397,28472
14831,1397,47491
14837,1397,12122
14836,1397,22277
14835,1397,39682
14832,1397,44718
14833,1397,11592
14834,1397,12731
14870,1397,5047
14848,1397,7059
14842,1397,19988
14850,1397,6819
14860,1397,6626
14868,1397,31695
14827,1397,16182
14851,1397,23261
14869,1397,25718
14865,1397,39632
14864,1397,26023
14863,1397,5499
14866,1397,35420
14861,1397,41092
14862,1397,39497
14859,1397,5831
14858,1397,43279
14857,1397,40124
14856,1397,3724
14855,1397,16333
14854,1397,46976
14853,1397,31751
14852,1397,6403
14867,1397,23691
54637,5772,47488
54638,5772,7568
54639,5772,10530
54640,5772,47266
54641,5772,40452
54608,5772,44204
54642,5772,12910
54643,5772,36769
54644,5772,7575
54645,5772,46480
54646,5772,27730
54647,5772,37885
54607,5772,44064
54635,5772,45791
54636,5772,12907
54621,5772,30594
54634,5772,32425
54624,5772,8193
54615,5772,10653
54616,5772,16751
54617,5772,7900
54612,5772,28401
54618,5772,20030
54619,5772,18632
54620,5772,33939
54605,5772,6505
54622,5772,40998
54623,5772,39067
54625,5772,39061
54633,5772,32113
54611,5772,40897
54610,5772,22133
54626,5772,34787
54627,5772,40752
54628,5772,31404
54629,5772,18299
54630,5772,45961
54631,5772,40487
54632,5772,20766
54609,5772,31381
54606,5772,20205
116482,14082,16835
54604,5772,21454
116464,14082,44012
116472,14082,25000
116471,14082,23014
116470,14082,31451
116469,14082,44263
116468,14082,20978
116467,14082,16632
116466,14082,28495
116465,14082,40060
116463,14082,34078
54648,5772,33537
116462,14082,15048
116461,14082,34693
116460,14082,14442
54656,5772,6679
54657,5772,32520
54658,5772,26287
54659,5772,28057
116488,14082,46992
116473,14082,19483
116474,14082,13923
116475,14082,30093
116476,14082,40458
54614,5772,33792
54649,5772,21128
54650,5772,35894
54651,5772,7071
54652,5772,35730
54653,5772,21136
54654,5772,9984
54655,5772,30748
116486,14082,17861
116485,14082,27433
116484,14082,38443
116483,14082,14948
116481,14082,25877
116480,14082,19217
116479,14082,16546
116478,14082,21402
116477,14082,28078
54613,5772,22552
116487,14082,35117
116506,14082,31242
116492,14082,32019
116497,14082,40549
116498,14082,20100
116499,14082,26614
116500,14082,43447
116494,14082,14657
116493,14082,44527
116503,14082,22917
116504,14082,24111
116502,14082,40181
116501,14082,26984
116505,14082,32118
116495,14082,283
116496,14082,18497
116491,14082,21251
116490,14082,26436
116489,14082,16375
116507,14082,41426
116508,14082,31937
116509,14082,47440
116510,14082,46210
116511,14082,39368
116512,14082,25542
116513,14082,23502
116514,14082,35232
116515,14082,28201
1501,132,39096
1502,132,40917
1523,132,36100
1507,132,29434
1503,132,3224
1504,132,469
1505,132,6023
1506,132,19616
1499,132,28265
1500,132,2174
1490,132,2910
1498,132,26193
1497,132,41403
1487,132,5059
1522,132,23152
1486,132,24091
1485,132,12145
1484,132,20104
1483,132,23609
1488,132,28444
1489,132,40355
1510,132,40756
1491,132,19168
1492,132,26102
1493,132,23880
1494,132,30899
1495,132,25047
1496,132,24238
1509,132,38059
1508,132,12252
1511,132,9062
1518,132,27302
1525,132,8652
1526,132,33094
1527,132,45341
1528,132,13149
1529,132,5665
1530,132,40536
1531,132,44803
1532,132,2530
1533,132,22455
1535,132,12811
1521,132,25551
1520,132,14900
1519,132,5784
1534,132,23148
1513,132,41009
1524,132,11824
1517,132,27595
1516,132,24168
1512,132,31868
1515,132,28036
1514,132,21125
4512,36164,24500
4506,36164,17834
4507,36164,35628
4508,36164,16946
4509,36164,31617
4510,36164,6465
4511,36164,12128
4515,36164,17404
4513,36164,42192
4514,36164,35341
4516,36164,30144
4520,36164,29413
4519,36164,17538
4518,36164,8210
4517,36164,7153
4504,36164,31798
4505,36164,3258
32814,3278,40099
4503,36164,9667
32813,3278,11008
32826,3278,28214
32827,3278,15055
32828,3278,10425
32829,3278,11709
32830,3278,4508
32831,3278,26795
32832,3278,2996
4522,36164,14984
32817,3278,19201
32815,3278,26179
68002,7416,36347
68001,7416,45526
68000,7416,13393
67999,7416,20743
67998,7416,42820
32816,3278,43322
4521,36164,32294
4552,36164,27308
4523,36164,31545
4546,36164,25997
32819,3278,13473
32820,3278,17376
32821,3278,40544
32822,3278,46201
32823,3278,46271
4548,36164,20736
4549,36164,35162
4550,36164,31702
4551,36164,6597
32834,3278,26487
4553,36164,26378
4554,36164,3973
67957,7416,28844
67958,7416,8808
32824,3278,15381
32825,3278,4520
67959,7416,18566
67960,7416,29475
67961,7416,14340
4547,36164,44291
4545,36164,39851
4524,36164,10835
4544,36164,44550
4525,36164,28599
4526,36164,29597
4527,36164,46992
4528,36164,41426
4529,36164,46025
4530,36164,41263
4531,36164,40576
4532,36164,43018
4533,36164,2391
4534,36164,11188
4535,36164,26110
4536,36164,30615
4537,36164,25884
4538,36164,23887
4539,36164,14143
4540,36164,20914
4541,36164,7112
4542,36164,14948
4543,36164,30887
32833,3278,8280
32818,3278,32401
32835,3278,16369
35130,3525,17824
35129,3525,31880
68004,7416,14144
68005,7416,31398
68006,7416,24519
68007,7416,8945
68008,7416,28102
67976,7416,9394
32836,3278,29587
67977,7416,19541
67978,7416,7737
67979,7416,16921
35131,3525,17354
35132,3525,45933
35133,3525,43025
35128,3525,43692
35127,3525,39311
35126,3525,20540
35125,3525,39543
35124,3525,29186
35123,3525,14303
35122,3525,33641
35121,3525,36182
35120,3525,22991
35119,3525,21946
35118,3525,39619
35117,3525,35283
35116,3525,33705
35115,3525,17667
35114,3525,11511
35113,3525,9728
35112,3525,26307
35134,3525,17115
35135,3525,13101
35136,3525,9506
32858,3278,32310
67989,7416,47367
32864,3278,47211
32863,3278,19570
32862,3278,41937
32861,3278,4468
32860,3278,22165
67990,7416,14358
67991,7416,30533
67992,7416,30790
67993,7416,38000
67994,7416,35905
67995,7416,23152
67996,7416,8844
32859,3278,21135
67988,7416,14431
35137,3525,17026
67997,7416,47115
67987,7416,22981
67986,7416,39360
67985,7416,29183
67984,7416,7951
67983,7416,33724
67982,7416,24554
67981,7416,23669
67980,7416,34040
35142,3525,27817
35141,3525,20287
35140,3525,24723
35139,3525,29101
35138,3525,41684
35111,3525,22007
35110,3525,23577
35109,3525,6755
32855,3278,35265
32853,3278,34352
35108,3525,42899
32852,3278,33964
32851,3278,24252
32850,3278,20866
32849,3278,43369
32848,3278,24558
32847,3278,21789
32846,3278,43586
32845,3278,16602
32844,3278,8109
32843,3278,19796
32842,3278,8703
68003,7416,38698
32841,3278,20668
32839,3278,41985
32838,3278,10043
67968,7416,46050
67967,7416,37435
67966,7416,38883
67965,7416,9710
67964,7416,36662
67963,7416,34804
67962,7416,37642
32837,3278,38399
32854,3278,31708
32840,3278,6119
32856,3278,7881
32857,3278,33372
35093,3525,28891
35094,3525,41849
35095,3525,21672
35096,3525,42949
35097,3525,16605
35098,3525,10621
35099,3525,41835
35100,3525,18922
35101,3525,20064
35102,3525,16490
35103,3525,3714
35104,3525,25949
35105,3525,35811
35106,3525,5336
35107,3525,38292
35092,3525,20921
35091,3525,47131
67975,7416,20847
67973,7416,36859
67972,7416,42365
67971,7416,17024
67970,7416,41809
67969,7416,23292
67974,7416,36448
5981,556,18632
5986,556,35736
5985,556,23459
5983,556,23859
5982,556,41194
5979,556,2669
5975,556,5150
5980,556,41569
5978,556,4127
5977,556,1728
5976,556,30707
5984,556,10293
6012,556,35535
5974,556,44189
6019,556,47380
8167,15324,38271
8168,15324,37038
8169,15324,38567
5973,556,32792
8171,15324,17242
8172,15324,15426
8173,15324,11059
8174,15324,9288
8175,15324,19930
8176,15324,6931
8177,15324,31947
8178,15324,27655
8179,15324,9388
8180,15324,21236
8181,15324,825
8182,15324,4967
8183,15324,37387
8184,15324,33588
8185,15324,11070
8186,15324,28326
8187,15324,13761
8188,15324,22193
8189,15324,13590
8190,15324,34979
8191,15324,41215
8166,15324,41233
6018,556,14967
8193,15324,27497
6017,556,21933
6011,556,43944
6010,556,27468
6009,556,35271
6008,556,31566
6007,556,24218
6006,556,26661
6005,556,47257
6004,556,12102
6003,556,9881
6014,556,26512
6015,556,7478
6002,556,25676
6001,556,21961
6000,556,20693
5999,556,3176
5998,556,16601
5997,556,14568
5996,556,44280
5995,556,17812
5994,556,23919
5993,556,3927
5992,556,29245
5991,556,11595
5990,556,18709
6016,556,44803
8192,15324,14027
8170,15324,3144
8194,15324,18070
8210,15324,35892
5972,556,8406
5971,556,33259
5970,556,13522
5969,556,22537
5987,556,13897
5988,556,12088
5989,556,42033
8195,15324,22290
8216,15324,1301
8215,15324,46742
8214,15324,7839
8213,15324,30260
8212,15324,28983
8211,15324,24679
6013,556,25702
8209,15324,29197
8201,15324,22862
8199,15324,3888
8200,15324,14431
8198,15324,12202
8197,15324,29911
8196,15324,36851
8202,15324,33420
8208,15324,33324
8204,15324,36643
8205,15324,17150
8206,15324,22594
8207,15324,16165
8203,15324,18285
50457,5285,45492
147608,19081,38707
50458,5285,47310
50443,5285,8468
33602,3357,27445
33603,3357,41934
147606,19081,33546
50442,5285,20934
50441,5285,12082
50440,5285,6788
147607,19081,41508
147603,19081,25031
147605,19081,45544
147594,19081,21616
147586,19081,36153
147587,19081,9651
147588,19081,31732
147589,19081,33476
147590,19081,47369
147591,19081,39838
147592,19081,34566
147593,19081,18022
147595,19081,35471
147604,19081,42622
147596,19081,46247
147597,19081,36954
147598,19081,32533
147599,19081,22490
147600,19081,24218
147601,19081,34949
147602,19081,31285
50438,5285,11542
50439,5285,41029
50435,5285,41501
50437,5285,5171
50436,5285,8702
50445,5285,12394
50446,5285,39535
50447,5285,12630
50448,5285,37280
50449,5285,36947
50450,5285,29899
50451,5285,44522
50452,5285,35497
50453,5285,22659
50454,5285,18739
50455,5285,16820
50456,5285,39548
33621,3357,41278
33622,3357,4779
33623,3357,13569
33624,3357,3734
147584,19081,8887
50444,5285,25191
33620,3357,18175
33619,3357,45032
33609,3357,41162
50434,5285,24399
50433,5285,38271
33604,3357,30834
33605,3357,15766
33606,3357,7218
33607,3357,36037
33608,3357,30877
33611,3357,9090
33618,3357,17563
33612,3357,32533
33613,3357,6494
33614,3357,12914
33615,3357,46779
33616,3357,40585
50432,5285,40347
33617,3357,20559
147585,19081,32107
33610,3357,44236
147583,19081,37823
50459,5285,32019
33581,3357,10200
33582,3357,30707
33583,3357,6292
33584,3357,43466
33585,3357,36119
33586,3357,35521
33587,3357,14682
33588,3357,20343
33589,3357,31864
33590,3357,6031
33591,3357,28550
33592,3357,39440
33594,3357,29217
33600,3357,6216
33595,3357,32908
33596,3357,31897
33597,3357,43121
33598,3357,7565
147559,19081,37281
147560,19081,25597
147561,19081,23463
147562,19081,27061
147563,19081,18787
147564,19081,38717
147565,19081,25813
147566,19081,30355
33580,3357,43083
33579,3357,20414
33578,3357,4876
33577,3357,20065
50462,5285,7064
50461,5285,36916
50460,5285,29279
147582,19081,42801
50481,5285,24310
50480,5285,45411
50479,5285,17624
50478,5285,24446
50477,5285,12714
50476,5285,23179
50475,5285,21139
50474,5285,9566
50473,5285,42561
50472,5285,21366
50471,5285,16304
50470,5285,28243
50469,5285,29745
50468,5285,10996
50467,5285,37070
50466,5285,34437
50465,5285,35117
50464,5285,21409
50463,5285,9826
33575,3357,28766
33576,3357,33991
33599,3357,31508
33593,3357,31555
33601,3357,5299
147568,19081,8437
147581,19081,31079
147580,19081,28368
147578,19081,23124
147577,19081,24184
147576,19081,25684
147575,19081,39161
147574,19081,43925
147573,19081,13301
147572,19081,44332
147571,19081,34422
147570,19081,20361
147569,19081,28459
147579,19081,43286
147567,19081,24761
77700,8641,34292
15740,1492,2841
15742,1492,10570
15743,1492,14591
15744,1492,5171
15745,1492,28444
8555,781,42089
8554,781,4056
8553,781,21866
8552,781,35337
8551,781,11502
8550,781,22847
8549,781,32758
8548,781,14831
8547,781,39487
8546,781,24997
15741,1492,2201
15739,1492,21456
8583,781,16045
15738,1492,5470
15737,1492,15795
15736,1492,42023
15735,1492,25319
15734,1492,3393
15733,1492,24048
15732,1492,1953
15731,1492,26440
15730,1492,3524
15729,1492,7894
15728,1492,35963
77688,8641,25183
77689,8641,29528
8585,781,8131
8545,781,16312
8544,781,31144
8543,781,24944
15765,1492,36347
15759,1492,14341
15760,1492,4378
15761,1492,30785
15762,1492,11768
15763,1492,7339
15764,1492,28692
15766,1492,23019
8542,781,39575
15767,1492,45258
15768,1492,46463
15769,1492,27947
15770,1492,47493
15771,1492,9845
15772,1492,9703
15758,1492,24727
15757,1492,38313
15756,1492,42561
15755,1492,25562
15754,1492,7345
15753,1492,8977
15752,1492,32425
15751,1492,20671
15750,1492,24337
15749,1492,21568
15748,1492,19222
15747,1492,44631
15746,1492,39220
8538,781,5001
8539,781,4708
8540,781,8135
8541,781,15365
8584,781,15592
8582,781,13244
77701,8641,13975
77725,8641,12614
77719,8641,21499
77720,8641,46912
77721,8641,3157
77722,8641,30962
77723,8641,36490
77724,8641,38596
77726,8641,14570
77730,8641,12694
77727,8641,31144
77699,8641,34003
77698,8641,32941
77697,8641,17699
77696,8641,18632
77728,8641,16710
77718,8641,31974
77717,8641,47509
77716,8641,36308
77715,8641,12907
77714,8641,35801
77713,8641,46151
77712,8641,15851
77711,8641,37110
77710,8641,30514
77709,8641,20933
77708,8641,12300
77707,8641,36627
77706,8641,12900
77705,8641,42273
77704,8641,43585
77703,8641,8323
77702,8641,15614
77729,8641,32465
77731,8641,12143
8581,781,5797
8574,781,43959
77691,8641,45465
77690,8641,11410
8570,781,44270
8571,781,41378
8572,781,43285
8573,781,2589
15774,1492,9688
8556,781,31948
8575,781,22301
8576,781,5795
8577,781,23381
8578,781,41453
8579,781,34444
8580,781,45345
77692,8641,30436
77693,8641,31899
77694,8641,16962
77695,8641,11899
8569,781,43859
8568,781,3617
8567,781,13954
8566,781,41169
8565,781,40197
8564,781,29091
8563,781,36533
8562,781,20039
8561,781,24910
8560,781,25337
8559,781,37236
8558,781,26350
8557,781,23426
15773,1492,24750
15775,1492,17085
108580,12907,14632
77687,8641,24129
108570,12907,29634
108571,12907,27615
77686,8641,15863
108572,12907,34003
108573,12907,8323
108574,12907,43585
108575,12907,42273
108576,12907,36627
108577,12907,19533
108578,12907,38062
108579,12907,4983
108581,12907,37485
108567,12907,18632
108582,12907,13905
108583,12907,3157
108584,12907,39583
108585,12907,24219
108586,12907,32941
108587,12907,14900
108588,12907,2244
108589,12907,23220
108590,12907,29239
108591,12907,21499
108593,12907,24129
108569,12907,14164
108568,12907,17699
77685,8641,16662
108601,12907,26488
108594,12907,17740
108595,12907,44296
108559,12907,24611
108560,12907,27656
108561,12907,26625
108562,12907,40424
108596,12907,39970
108597,12907,44351
108599,12907,35892
108600,12907,47048
108598,12907,47504
108563,12907,31144
108602,12907,40823
77684,8641,24611
108606,12907,36308
108605,12907,39643
108604,12907,24750
108564,12907,44648
108603,12907,31588
108566,12907,44553
108565,12907,19070
108592,12907,28326
93299,32792,32744
93300,32792,43806
27024,2649,12857
27022,2649,16902
93344,32792,18999
27023,2649,24320
27064,2649,28839
27025,2649,12841
50552,5293,9893
50554,5293,25506
50553,5293,40692
27042,2649,18138
27041,2649,39403
27040,2649,28328
50581,5293,41773
50580,5293,33131
27039,2649,44383
27038,2649,37528
27037,2649,35593
27036,2649,18481
27026,2649,29027
27065,2649,23781
27034,2649,43966
27033,2649,36855
27032,2649,36483
27031,2649,46251
27030,2649,6426
27029,2649,12557
93342,32792,41193
27028,2649,10206
27027,2649,35927
93343,32792,21451
50592,5293,43784
93341,32792,42775
93331,32792,12381
93329,32792,35516
93328,32792,26119
50595,5293,5457
93327,32792,39593
93326,32792,17356
93325,32792,37100
93324,32792,24218
93323,32792,39461
93322,32792,16376
93321,32792,43839
50579,5293,40424
50578,5293,11391
50577,5293,47504
50576,5293,45682
50575,5293,8641
50574,5293,19533
50573,5293,33631
50572,5293,42273
50596,5293,16434
50597,5293,27794
50598,5293,8794
93330,32792,36709
93332,32792,29348
93320,32792,18212
93298,32792,17809
93340,32792,12548
93339,32792,15643
93338,32792,36952
93337,32792,37887
93336,32792,45039
50582,5293,39179
50583,5293,38840
50584,5293,12907
50585,5293,32941
50586,5293,36308
50587,5293,42470
50588,5293,31974
50589,5293,24129
50590,5293,7780
50591,5293,8695
50556,5293,29528
50593,5293,14522
50594,5293,42830
93335,32792,11621
93334,32792,22061
93333,32792,13459
50555,5293,16662
27035,2649,47197
50557,5293,41647
27063,2649,42103
128102,15851,23409
128101,15851,44296
128100,15851,38722
128099,15851,31144
128098,15851,38721
93307,32792,37786
93306,32792,20835
93305,32792,23942
93304,32792,21635
93303,32792,13732
93302,32792,30720
93301,32792,36417
128097,15851,3157
128096,15851,19450
128095,15851,23298
128103,15851,29533
50558,5293,45514
93308,32792,18331
93317,32792,28180
128109,15851,24611
128108,15851,34003
128107,15851,30436
128106,15851,39089
128105,15851,32941
93318,32792,25648
93316,32792,27569
93309,32792,29442
93315,32792,18623
93314,32792,25102
93313,32792,46258
93312,32792,27242
93311,32792,19243
93310,32792,44613
50571,5293,32465
128094,15851,34393
128093,15851,23411
128067,15851,25508
128073,15851,27615
128072,15851,27613
128071,15851,18632
128070,15851,29163
128069,15851,21025
128068,15851,31974
128066,15851,21406
128075,15851,41283
128065,15851,33007
128064,15851,16434
128063,15851,17628
27068,2649,18998
27067,2649,23234
27066,2649,40434
128074,15851,16681
128076,15851,19533
128092,15851,38558
128085,15851,35801
128091,15851,8794
128090,15851,36490
128089,15851,22484
128088,15851,20744
128087,15851,34940
128086,15851,36183
128084,15851,26625
128077,15851,27643
128083,15851,41773
128082,15851,37570
128081,15851,37485
128080,15851,41872
128079,15851,47504
128078,15851,36627
93319,32792,11157
128104,15851,16786
27062,2649,22507
50559,5293,31616
27053,2649,36096
27052,2649,27396
27051,2649,31599
27050,2649,6672
27049,2649,43928
27048,2649,7010
27047,2649,28453
27043,2649,25159
27055,2649,8842
27044,2649,16022
27045,2649,45174
27046,2649,42131
50560,5293,33949
50561,5293,40452
50562,5293,7085
27061,2649,27466
27054,2649,10813
50563,5293,18632
27056,2649,16381
27058,2649,32780
50564,5293,28553
50565,5293,9114
50566,5293,15851
50567,5293,43301
50570,5293,8323
27060,2649,33017
50568,5293,15614
27059,2649,36347
27057,2649,33094
50569,5293,27613
50119,5247,33234
50117,5247,38577
50118,5247,18654
71576,24389,5903
71578,24389,37888
50085,5247,21502
71579,24389,37884
71580,24389,14967
50084,5247,30496
50116,5247,27448
50086,5247,31895
50087,5247,12203
50088,5247,26704
50089,5247,27801
71577,24389,33419
71550,24389,4644
50115,5247,30741
71553,24389,20699
71552,24389,22700
71551,24389,33061
50114,5247,22771
89973,10291,17356
89974,10291,15365
89975,10291,36441
89976,10291,44302
89977,10291,11743
89978,10291,24822
89980,10291,19756
50111,5247,25626
50112,5247,18506
50113,5247,19910
89979,10291,45991
71567,24389,27031
71575,24389,22296
71561,24389,1250
71563,24389,12694
71556,24389,47107
71557,24389,11957
71558,24389,20028
71562,24389,6163
50090,5247,12557
50091,5247,8588
50092,5247,30084
71560,24389,35736
50099,5247,37662
50093,5247,25277
71581,24389,31374
50094,5247,32457
50095,5247,17024
50096,5247,27615
50097,5247,18086
50098,5247,12518
71559,24389,46714
71564,24389,23549
50100,5247,10874
71574,24389,34527
71566,24389,22660
71573,24389,35983
71554,24389,40245
71555,24389,18632
71572,24389,14568
71571,24389,35556
71570,24389,34410
71569,24389,21933
71568,24389,24723
71565,24389,34377
50101,5247,27016
50109,5247,40774
50108,5247,17039
50107,5247,43917
50106,5247,12610
50105,5247,28896
50104,5247,37626
50103,5247,6580
50102,5247,29857
50120,5247,19421
50110,5247,18726
50126,5247,17217
71591,24389,19049
71582,24389,12102
71583,24389,33423
71584,24389,38318
71585,24389,34028
71586,24389,35718
71587,24389,26325
71588,24389,33755
71589,24389,30620
71590,24389,43887
89972,10291,19030
89945,10291,27883
89971,10291,25344
28877,41153,36795
28876,41153,11834
28875,41153,39643
28874,41153,39567
28873,41153,20789
28872,41153,12757
89970,10291,36644
89969,10291,44511
89939,10291,17304
89944,10291,34287
89967,10291,21809
50128,5247,26287
28845,41153,8878
28846,41153,42825
28847,41153,40607
28848,41153,5023
28849,41153,26557
28850,41153,8925
28851,41153,45155
28852,41153,3874
50129,5247,41262
50127,5247,24496
50121,5247,45555
28862,41153,14593
50125,5247,42059
89935,10291,46568
89936,10291,35737
89937,10291,21478
89938,10291,45514
50124,5247,26470
50123,5247,39290
50122,5247,19567
89968,10291,38970
89966,10291,12832
28843,41153,25033
28856,41153,29049
28870,41153,11221
28869,41153,19292
28868,41153,15365
28867,41153,40334
28866,41153,14517
28865,41153,7455
89949,10291,28501
28854,41153,17453
28855,41153,43972
28857,41153,12352
89950,10291,25586
28858,41153,25165
28864,41153,34847
28859,41153,45744
28860,41153,26458
28861,41153,42741
71592,24389,41062
71593,24389,11223
71594,24389,29711
71595,24389,43089
28871,41153,9566
89951,10291,32714
89965,10291,22171
89962,10291,8696
89964,10291,1424
89940,10291,19670
89941,10291,46926
89942,10291,43154
28853,41153,13133
89946,10291,30452
89947,10291,19384
89948,10291,18162
89963,10291,26009
89961,10291,40078
89943,10291,37702
89960,10291,40774
89959,10291,45638
89958,10291,7811
89957,10291,16889
89956,10291,37347
89955,10291,27392
89954,10291,43271
89953,10291,47504
89952,10291,37910
28844,41153,44522
28863,41153,31970
28838,41153,26297
28836,41153,17276
28841,41153,7715
28840,41153,5855
28839,41153,31261
28837,41153,42513
28842,41153,6804
28835,41153,11939
28834,41153,12808
28833,41153,11758
28832,41153,8585
68102,7425,33131
38716,3947,44371
38715,3947,19761
38714,3947,10887
68110,7425,15120
68111,7425,29132
68106,7425,31914
38712,3947,22739
68107,7425,32941
68103,7425,42470
38711,3947,11186
38710,3947,24191
38717,3947,23339
68104,7425,12907
38718,3947,33806
38719,3947,10974
38720,3947,16826
38721,3947,13539
38722,3947,30791
38708,3947,1771
68105,7425,38840
68121,7425,26488
68120,7425,28754
68119,7425,31610
68118,7425,39809
68117,7425,33935
38709,3947,17318
68097,7425,14738
38707,3947,19009
68088,7425,27615
68077,7425,9893
68078,7425,34292
68079,7425,8455
68080,7425,7982
68081,7425,35474
68082,7425,9368
68083,7425,40501
68084,7425,29533
68085,7425,9114
68086,7425,19533
68087,7425,14963
68089,7425,16710
68101,7425,34299
68090,7425,34003
68091,7425,15851
68092,7425,8952
68093,7425,22950
68094,7425,11410
68095,7425,36620
68096,7425,42273
68115,7425,34509
68098,7425,36627
68099,7425,2244
68100,7425,14525
68116,7425,35892
38713,3947,24276
68114,7425,24111
38742,3947,35968
38724,3947,37568
38725,3947,18253
38726,3947,44769
68112,7425,36490
38739,3947,27394
38740,3947,41592
38741,3947,38596
38743,3947,7786
38723,3947,42899
38744,3947,34741
38745,3947,31485
38746,3947,24492
38747,3947,4430
38748,3947,43453
38749,3947,24084
38751,3947,37531
68113,7425,25580
38750,3947,32364
38733,3947,35715
38728,3947,38301
38732,3947,47189
38734,3947,18944
38735,3947,12332
38736,3947,28787
38737,3947,38408
38738,3947,39546
38731,3947,31075
38729,3947,44073
38730,3947,13432
38727,3947,4320
68109,7425,31974
68108,7425,21692
69095,40388,20028
13342,1246,1413
69094,40388,25766
13346,1246,23810
13345,1246,18439
13344,1246,6580
69093,40388,37857
62612,6758,46733
62613,6758,36881
69092,40388,41194
69096,40388,23459
13343,1246,35776
13327,1246,11585
13341,1246,4835
13332,1246,46253
13328,1246,1567
13329,1246,27801
13325,1246,19753
13330,1246,11843
13331,1246,15834
13324,1246,33350
13323,1246,22314
13333,1246,44479
13326,1246,43857
13334,1246,9953
13335,1246,46827
69097,40388,10696
13337,1246,21565
13338,1246,37662
13339,1246,20170
13340,1246,27016
13336,1246,21257
69099,40388,1250
69098,40388,39002
13365,1246,41030
69087,40388,21644
69091,40388,29734
69090,40388,25796
69088,40388,32890
69089,40388,41243
69107,40388,39595
69108,40388,34527
69109,40388,35836
69110,40388,34436
69111,40388,32119
69112,40388,40908
13364,1246,30584
69113,40388,40126
13347,1246,655
69114,40388,43152
69115,40388,28994
69125,40388,41019
69124,40388,34405
69123,40388,24936
69122,40388,30796
69121,40388,5306
69120,40388,47107
69119,40388,25702
13366,1246,39355
69116,40388,33593
69117,40388,43964
69086,40388,43454
69085,40388,25184
69084,40388,9543
69083,40388,12422
69118,40388,35371
69100,40388,13897
69101,40388,11364
69102,40388,26537
69103,40388,30081
69104,40388,19199
69105,40388,19182
13348,1246,1626
13349,1246,5881
13350,1246,22520
13351,1246,38577
13352,1246,32686
13353,1246,31692
13354,1246,24159
13355,1246,3849
13356,1246,41319
13357,1246,45649
13358,1246,45441
13359,1246,38323
13360,1246,46868
13361,1246,45809
13362,1246,26373
69106,40388,17634
13363,1246,28694
69082,40388,16224
62575,6758,45284
20156,1909,6776
62592,6758,25832
62596,6758,32121
62586,6758,6774
62587,6758,20446
62588,6758,38301
62589,6758,36508
62590,6758,19505
62591,6758,7522
62593,6758,16556
62594,6758,36454
62595,6758,45446
62597,6758,15722
62603,6758,2922
62598,6758,16256
62599,6758,10407
62600,6758,37928
62601,6758,30257
62581,6758,10974
62580,6758,25995
62579,6758,25853
62578,6758,34137
20183,1909,32218
62585,6758,16786
62584,6758,9727
62582,6758,46638
62583,6758,22739
20181,1909,33563
20180,1909,22680
20179,1909,46912
20178,1909,29239
20177,1909,44395
20176,1909,8836
20175,1909,45843
20174,1909,8641
20184,1909,19879
20185,1909,17565
20186,1909,20533
20187,1909,12672
20188,1909,34359
20189,1909,37108
20190,1909,6937
62570,6758,37993
62571,6758,25182
62572,6758,43434
62573,6758,41849
62602,6758,23406
20182,1909,44479
20158,1909,5457
20157,1909,36270
20164,1909,10295
20163,1909,13567
20162,1909,39122
20161,1909,13790
20160,1909,8680
20159,1909,19937
62574,6758,24402
62576,6758,8183
20166,1909,34415
20155,1909,44863
20154,1909,40561
20147,1909,36791
20148,1909,40044
20149,1909,12470
20153,1909,32706
20152,1909,14499
20150,1909,10068
20165,1909,17015
62607,6758,29785
62610,6758,30787
62604,6758,27784
62577,6758,12894
62605,6758,20142
62606,6758,17359
20167,1909,3382
62608,6758,29759
62609,6758,23602
20151,1909,5425
62611,6758,45705
20173,1909,6406
20172,1909,12907
20171,1909,35801
20170,1909,2935
20169,1909,35037
20168,1909,42470
81175,9114,12557
81176,9114,11410
81177,9114,29528
70023,7649,16199
81173,9114,33949
81172,9114,40424
81174,9114,37538
81179,9114,12182
81190,9114,33131
81189,9114,34299
81188,9114,42753
81187,9114,20933
70024,7649,43085
81186,9114,10530
81178,9114,13905
81180,9114,40998
81185,9114,42273
81184,9114,36620
81182,9114,47227
81181,9114,16874
81183,9114,11899
70039,7649,21851
70022,7649,47458
81212,9114,11391
81199,9114,15120
81200,9114,33784
81201,9114,26639
81203,9114,36744
81204,9114,37928
81205,9114,10846
81206,9114,40980
81207,9114,26488
81208,9114,9320
81209,9114,11305
81210,9114,31610
81211,9114,38062
81170,9114,40692
70021,7649,27529
81198,9114,43599
81197,9114,21646
81196,9114,1427
81195,9114,12907
81194,9114,39179
81193,9114,16695
81192,9114,9145
81191,9114,18593
70017,7649,12434
70018,7649,16243
70019,7649,11368
70020,7649,31407
81171,9114,41647
81202,9114,31588
70007,7649,22320
70034,7649,16082
70016,7649,19938
70026,7649,18840
70027,7649,45272
70012,7649,9972
70011,7649,17972
70010,7649,21556
70009,7649,46481
70028,7649,26261
70008,7649,38925
70006,7649,10185
70013,7649,15941
70005,7649,41521
70014,7649,25151
70015,7649,31101
70004,7649,34914
70029,7649,34132
70030,7649,11901
70035,7649,47250
70031,7649,33737
70033,7649,24961
70036,7649,47032
70046,7649,10665
70045,7649,9659
70044,7649,42878
70043,7649,41048
70042,7649,46235
70041,7649,20511
70040,7649,24029
70037,7649,28058
70038,7649,47324
70032,7649,29560
70025,7649,22856
11882,1114,31974
11888,1114,38596
11889,1114,9114
11895,1114,24611
11894,1114,17997
11893,1114,30436
11896,1114,37695
11886,1114,7780
11883,1114,8152
11892,1114,4179
11885,1114,46912
11881,1114,33624
11891,1114,5457
11887,1114,36490
11884,1114,15120
11890,1114,39068
90015,10293,6876
89996,10293,22912
89987,10293,13522
11868,1114,8680
11869,1114,15614
11870,1114,8323
11871,1114,43585
11872,1114,33631
11873,1114,8641
89985,10293,34405
89986,10293,4644
89988,10293,33523
89995,10293,37857
89989,10293,22983
89990,10293,23112
89991,10293,33526
11874,1114,12300
11879,1114,42470
89992,10293,26295
89993,10293,27392
89994,10293,41194
11880,1114,12907
90004,10293,32520
11878,1114,47048
11858,1114,29528
11855,1114,16662
84873,32582,42565
90023,10293,35326
90022,10293,31605
90021,10293,41243
90020,10293,45554
90019,10293,35967
11875,1114,5293
90018,10293,17385
90017,10293,12363
11877,1114,15851
90016,10293,26552
11865,1114,16636
11864,1114,18632
11863,1114,13975
11862,1114,20933
11861,1114,29076
11860,1114,19070
11859,1114,1909
11867,1114,45554
90024,10293,31564
11857,1114,9320
11856,1114,40692
90025,10293,27867
11876,1114,11562
89997,10293,18565
89998,10293,13897
89999,10293,23476
90000,10293,17695
90001,10293,42033
90002,10293,26492
90003,10293,29621
90014,10293,16035
90005,10293,29958
90006,10293,29734
90007,10293,17107
90008,10293,13823
90009,10293,47107
90010,10293,37926
90011,10293,25676
90012,10293,26933
90013,10293,23315
90026,10293,20103
11866,1114,9245
84874,32582,27896
35769,3593,33378
35752,3593,4019
35746,3593,16922
35747,3593,12779
18329,1736,11061
18327,1736,28400
18326,1736,10324
18325,1736,32154
18324,1736,35186
18323,1736,23068
18322,1736,2576
18321,1736,36111
35753,3593,35654
35754,3593,28136
35755,3593,1427
18342,1736,16619
35750,3593,14647
35745,3593,12129
35744,3593,4930
35743,3593,45958
18335,1736,18613
18341,1736,5917
18340,1736,8422
18339,1736,8006
18338,1736,31403
18337,1736,7634
18336,1736,4746
18334,1736,33534
35742,3593,40678
18333,1736,26750
18332,1736,8294
18331,1736,42358
18330,1736,43208
35740,3593,29483
35741,3593,8816
35749,3593,37236
35748,3593,7024
18343,1736,15165
35762,3593,46456
35756,3593,21269
35757,3593,32914
35758,3593,20547
35759,3593,14275
35760,3593,19377
35761,3593,20280
35763,3593,35223
18361,1736,30906
35764,3593,21927
35765,3593,6864
35766,3593,30837
35767,3593,47007
35768,3593,37216
35770,3593,39743
18362,1736,14246
18360,1736,30340
18344,1736,44171
18351,1736,2565
18345,1736,13452
18346,1736,20181
18347,1736,10901
18348,1736,36624
18349,1736,13094
18350,1736,39928
18352,1736,18692
18359,1736,41889
18353,1736,18499
18354,1736,41592
18355,1736,4238
18356,1736,15405
18357,1736,47243
18358,1736,13331
35751,3593,27817
18328,1736,16961
35732,3593,27460
84870,32582,44176
84851,32582,15508
35739,3593,26612
35738,3593,39777
84859,32582,18789
35737,3593,45052
35736,3593,9274
35735,3593,7995
35734,3593,42377
35733,3593,26307
84860,32582,39061
35731,3593,32666
35730,3593,16350
35729,3593,28657
84852,32582,16310
84853,32582,15783
84861,32582,38301
84862,32582,34229
84863,32582,7951
84864,32582,10364
84865,32582,40317
84866,32582,30737
84867,32582,36051
84868,32582,33363
84869,32582,25922
84872,32582,17204
84850,32582,24402
84849,32582,18057
84848,32582,17318
84880,32582,31381
84857,32582,21381
84858,32582,39393
84856,32582,13235
84855,32582,25948
84854,32582,32714
84875,32582,15724
84876,32582,12062
84877,32582,35737
84879,32582,35271
84878,32582,31237
84881,32582,24799
84882,32582,25718
84883,32582,22585
84884,32582,36654
84885,32582,32686
84886,32582,13465
84887,32582,22022
84888,32582,32607
84889,32582,21888
84871,32582,18944
63730,6900,5320
63729,6900,10786
63728,6900,39643
86613,9801,33506
86614,9801,11006
63710,6900,36365
72593,7986,8600
72592,7986,23086
18849,1785,29431
18850,1785,13177
18851,1785,21716
18852,1785,3893
18853,1785,28419
18854,1785,37472
18855,1785,19004
18856,1785,123
18857,1785,46240
72583,7986,36508
72584,7986,32798
72595,7986,17199
72585,7986,33664
72586,7986,23119
72587,7986,23039
72588,7986,17828
72589,7986,30922
72590,7986,46495
72591,7986,17492
72594,7986,11860
72603,7986,20047
72596,7986,30826
63716,6900,26953
18847,1785,6914
63727,6900,37600
63726,6900,30849
63725,6900,34174
63724,6900,20924
63723,6900,23825
63722,6900,43548
63721,6900,6399
63720,6900,41782
63719,6900,42820
63718,6900,23549
63717,6900,44511
63715,6900,19420
63699,6900,26927
63714,6900,15948
63713,6900,23178
63712,6900,30054
63711,6900,14797
63701,6900,45066
63702,6900,7638
63703,6900,7363
63704,6900,32771
63705,6900,24956
63706,6900,28313
63707,6900,25648
63708,6900,37094
63700,6900,15612
63698,6900,27467
72597,7986,32749
63693,6900,29701
72598,7986,25165
72599,7986,30737
72600,7986,18351
72601,7986,42710
72602,7986,32582
63709,6900,38969
72604,7986,20136
72605,7986,39546
86597,9801,11717
63690,6900,38660
63691,6900,46879
63692,6900,30831
63694,6900,16691
63697,6900,45274
63695,6900,15742
63696,6900,27001
72606,7986,18547
72607,7986,10869
72608,7986,34309
72609,7986,11275
72610,7986,46777
72611,7986,15172
72612,7986,6434
72613,7986,30908
72614,7986,21888
72615,7986,30449
18848,1785,37887
86596,9801,26374
18846,1785,6233
18160,1715,9386
18153,1715,36068
18154,1715,32976
18155,1715,27372
18156,1715,26188
18157,1715,29908
18158,1715,31714
18159,1715,28016
18161,1715,23380
18170,1715,27410
18162,1715,5945
18163,1715,13536
86605,9801,31381
86604,9801,14914
86603,9801,28338
86602,9801,39700
86601,9801,33593
18169,1715,44329
18171,1715,47437
86583,9801,42549
86594,9801,30515
18184,1715,46320
18183,1715,24029
18182,1715,25151
18181,1715,27495
18180,1715,17658
18832,1785,25008
86595,9801,28602
18152,1715,20566
18172,1715,45272
18179,1715,10153
18178,1715,44511
18177,1715,13701
18176,1715,45540
18175,1715,40081
18174,1715,30972
18173,1715,14526
86600,9801,45800
18845,1785,39286
18820,1785,31203
18165,1715,16243
18826,1785,8094
18827,1785,9290
18828,1785,9768
18829,1785,5161
18168,1715,18081
18167,1715,39832
18166,1715,17904
18164,1715,253
18821,1785,25552
18830,1785,17337
18831,1785,39880
86586,9801,38147
86585,9801,12388
86584,9801,24203
86580,9801,16362
86581,9801,10974
18825,1785,29552
18824,1785,14829
18823,1785,25900
86587,9801,35983
18822,1785,14780
86593,9801,7951
86592,9801,19775
86591,9801,41959
86590,9801,25178
86599,9801,3150
86589,9801,22147
86598,9801,16041
86574,9801,31950
86575,9801,34405
86576,9801,22133
86577,9801,33526
86578,9801,42061
86579,9801,9235
86588,9801,18485
18185,1715,24529
18186,1715,45744
86606,9801,14858
16249,1539,42817
16256,1539,7983
16255,1539,30172
16254,1539,33219
16253,1539,3562
16252,1539,36235
16251,1539,33537
16250,1539,33925
16248,1539,14791
16258,1539,43734
16247,1539,39649
16246,1539,35179
16245,1539,2387
16244,1539,31434
16243,1539,9173
16242,1539,35646
16241,1539,27386
16257,1539,17906
16259,1539,36287
86607,9801,25397
18837,1785,352
18844,1785,38707
18843,1785,25695
18842,1785,44055
18841,1785,17461
18840,1785,3193
18839,1785,3849
18838,1785,8520
18836,1785,20857
16260,1539,42870
18835,1785,32097
18817,1785,30031
18834,1785,13318
18833,1785,13467
16263,1539,18780
16262,1539,8904
16261,1539,24229
16240,1539,34566
16239,1539,41560
16238,1539,41660
16226,1539,1809
18192,1715,34551
18191,1715,46716
18190,1715,12071
18189,1715,42878
18188,1715,4779
18187,1715,43900
16227,1539,26134
16225,1539,7962
18818,1785,14200
16224,1539,3564
16223,1539,16516
86612,9801,27867
86611,9801,34127
86610,9801,26470
86609,9801,41030
86608,9801,26373
18819,1785,16959
16228,1539,21292
16237,1539,31220
72581,7986,24992
16236,1539,11461
16235,1539,46688
16234,1539,4751
16233,1539,36518
16232,1539,5246
16231,1539,15794
72582,7986,34877
72580,7986,42392
16229,1539,9177
72579,7986,41799
72578,7986,40577
72577,7986,24363
72576,7986,28625
72575,7986,45363
16230,1539,22086
86582,9801,19421
48256,5034,39061
123330,15126,45144
48255,5034,36945
48254,5034,22845
48253,5034,46050
10341,958,19926
10342,958,27413
10343,958,3212
10344,958,21415
10345,958,24690
10346,958,41515
10347,958,36939
10348,958,43606
123329,15126,42080
48258,5034,19812
123331,15126,44018
48257,5034,18297
1293,116,39284
48259,5034,34229
1277,116,46679
1290,116,13328
1289,116,30166
1288,116,24199
1287,116,21178
1286,116,33319
1285,116,28957
1284,116,4014
1283,116,5342
1282,116,18984
1281,116,13896
1280,116,20356
1279,116,47295
1278,116,12086
1276,116,36570
48260,5034,23669
1275,116,19018
1274,116,39060
1273,116,40502
1272,116,27557
1271,116,9827
1270,116,267
1269,116,1355
1268,116,31346
1267,116,11396
1266,116,23990
123322,15126,42014
123323,15126,12165
123333,15126,24068
1291,116,14593
1292,116,24961
1294,116,9244
1295,116,33369
48261,5034,32425
48262,5034,18687
48263,5034,25696
48264,5034,26641
48266,5034,19421
48267,5034,3496
48268,5034,33537
48269,5034,665
48270,5034,37171
48271,5034,32128
48272,5034,36347
48273,5034,27865
48274,5034,8120
48275,5034,23693
48276,5034,36654
48277,5034,31302
48278,5034,45454
1305,116,34913
1304,116,15350
1303,116,17418
1302,116,37740
1301,116,37732
1300,116,26328
1299,116,6053
1298,116,43650
1297,116,31094
1296,116,14614
123332,15126,27105
10360,958,29623
123334,15126,22991
15467,1463,19708
15460,1463,32479
15461,1463,44886
15462,1463,33089
15463,1463,15768
15464,1463,16424
15465,1463,39734
15466,1463,36294
15468,1463,34077
15438,1463,13707
15469,1463,23628
15470,1463,17711
15471,1463,41334
15472,1463,5424
15473,1463,19253
27295,2684,7259
27296,2684,11107
15459,1463,23971
15458,1463,25874
15457,1463,28640
15456,1463,2934
15440,1463,29027
15441,1463,25515
15442,1463,12085
15443,1463,13583
15444,1463,40952
15445,1463,15509
15446,1463,22370
15447,1463,4056
15448,1463,22896
15449,1463,5290
15450,1463,4271
15451,1463,11029
15452,1463,2102
15454,1463,29860
15455,1463,12486
27297,2684,38023
27298,2684,23155
27299,2684,45911
27318,2684,7825
27320,2684,4357
27321,2684,20034
27322,2684,28525
27323,2684,25492
27324,2684,7112
27325,2684,44504
27326,2684,29342
27327,2684,2860
27328,2684,42935
27329,2684,32222
27330,2684,23513
27331,2684,25401
27332,2684,13660
27333,2684,30753
27334,2684,3973
27319,2684,20630
27317,2684,46025
27300,2684,13101
27316,2684,5827
27301,2684,12050
27302,2684,16098
27303,2684,27966
27304,2684,29261
27305,2684,2920
27306,2684,9487
27307,2684,34836
27308,2684,36472
27309,2684,39179
27310,2684,27474
27311,2684,45961
27312,2684,23635
27313,2684,36426
27314,2684,29597
27315,2684,8477
15439,1463,16903
15437,1463,39569
123335,15126,3013
123351,15126,25253
123345,15126,11072
123346,15126,34416
123347,15126,27254
48242,5034,17724
123348,15126,15806
123349,15126,40228
123350,15126,37017
123352,15126,25440
15436,1463,45996
123353,15126,31263
123354,15126,31042
48241,5034,28624
48240,5034,6505
123355,15126,44746
123356,15126,39992
123357,15126,123
123344,15126,32252
123343,15126,19775
123342,15126,24472
123341,15126,17414
123336,15126,42262
123337,15126,46798
48252,5034,43719
48251,5034,43658
48250,5034,43917
48249,5034,20619
48248,5034,8722
48247,5034,25673
48246,5034,5905
48245,5034,39726
48244,5034,21553
48243,5034,20743
123338,15126,26870
123339,15126,45051
123340,15126,47359
48239,5034,24918
10349,958,46284
10350,958,4264
10367,958,34574
10369,958,6694
10370,958,40440
10371,958,34213
10372,958,7507
10373,958,40629
10374,958,1662
10375,958,43715
10376,958,37671
10377,958,12804
10378,958,39187
10379,958,40428
10380,958,2892
123361,15126,44713
15434,1463,4823
15435,1463,2040
10368,958,36540
10366,958,1377
10351,958,22948
10365,958,39410
10352,958,34881
10353,958,3960
10354,958,21069
10355,958,44411
10356,958,15757
10357,958,8738
123358,15126,43887
123359,15126,45732
123360,15126,45947
10358,958,34557
10359,958,43834
10361,958,27753
10362,958,5399
10363,958,6869
10364,958,45248
15453,1463,34974
48265,5034,38897
17910,1699,2139
17907,1699,24503
123325,15126,7393
17904,1699,5332
17895,1699,36053
17896,1699,34131
17897,1699,43911
17898,1699,21246
17899,1699,6797
17900,1699,13934
17901,1699,42248
17906,1699,38047
123327,15126,26475
17905,1699,38096
17934,1699,37036
17902,1699,45570
17903,1699,44375
17919,1699,34416
17918,1699,11742
17917,1699,37807
17916,1699,43013
17915,1699,19733
123326,15126,45396
123324,15126,36800
123328,15126,15138
17913,1699,36821
17909,1699,3832
17908,1699,14638
17911,1699,19984
17933,1699,31923
17932,1699,4248
17931,1699,41893
17930,1699,44194
17929,1699,22537
17928,1699,42873
17927,1699,19917
17914,1699,12948
17926,1699,47021
17925,1699,33316
17924,1699,26946
17923,1699,45768
17922,1699,25829
17921,1699,23676
17912,1699,14696
17920,1699,33829
73545,8094,15642
73544,8094,29059
73547,8094,27995
73543,8094,30034
73542,8094,20139
73541,8094,45286
73546,8094,39333
26286,39480,13333
73548,8094,10317
87185,9893,32941
87179,9893,33155
87180,9893,29163
87181,9893,11899
87182,9893,19533
87183,9893,41441
87184,9893,17699
87186,9893,34003
73549,8094,16959
73540,8094,33765
87188,9893,29949
87189,9893,8323
87190,9893,12694
73551,8094,19756
73550,8094,28683
87187,9893,34292
87195,9893,3157
73539,8094,3849
87199,9893,4416
51158,5356,8417
119577,14570,37732
87211,9893,8794
87210,9893,20564
87209,9893,38062
87208,9893,38558
87207,9893,11619
87206,9893,23409
87205,9893,38234
87204,9893,35892
87203,9893,29919
87202,9893,24129
87201,9893,21499
87200,9893,39249
87198,9893,31974
73538,8094,22100
87197,9893,47537
87196,9893,12907
87177,9893,24319
87194,9893,15851
87193,9893,39440
87192,9893,36308
87191,9893,10433
73531,8094,46381
73532,8094,352
73533,8094,15308
73534,8094,45643
73535,8094,28689
73536,8094,41317
73537,8094,30297
87178,9893,23704
142832,18299,40249
87176,9893,25508
20643,1948,22841
20641,1948,3855
20642,1948,45524
107075,25209,37221
107076,25209,42523
107077,25209,33143
107078,25209,22829
107079,25209,36356
107080,25209,37546
107081,25209,10366
20644,1948,14399
87175,9893,23298
119576,14570,27589
20645,1948,14525
20646,1948,45759
51183,5356,27138
51182,5356,30795
51181,5356,16925
51180,5356,21947
20647,1948,40333
20648,1948,14867
20640,1948,36944
20639,1948,13914
20638,1948,46910
119575,14570,19145
147934,19136,44530
147935,19136,21303
147936,19136,41428
20633,1948,24733
20634,1948,5540
20635,1948,46504
20636,1948,42865
20637,1948,7828
119564,14570,16241
119565,14570,28861
119566,14570,25033
119567,14570,31970
119568,14570,18944
119569,14570,33007
119570,14570,26522
119571,14570,32263
119572,14570,30012
119573,14570,17302
119574,14570,16256
20649,1948,28928
142836,18299,15557
142835,18299,38835
147939,19136,37317
147941,19136,18866
147942,19136,36660
147943,19136,44750
26285,39480,6241
147945,19136,31111
147946,19136,15846
147947,19136,20194
147948,19136,37534
147949,19136,20512
147950,19136,34360
147951,19136,8470
51159,5356,26764
142834,18299,34925
142833,18299,45565
51156,5356,12251
142831,18299,45514
142830,18299,35527
87173,9893,18632
87174,9893,34128
147940,19136,47257
51160,5356,26757
51179,5356,40926
51161,5356,7573
51178,5356,32956
51177,5356,14612
51176,5356,22212
51175,5356,47473
51174,5356,32922
51173,5356,39507
51172,5356,25389
51171,5356,5404
51170,5356,37950
51169,5356,33550
51168,5356,19031
51167,5356,29182
51166,5356,8287
51165,5356,9728
147937,19136,31537
147938,19136,35118
51164,5356,40218
51163,5356,27047
51162,5356,34566
51157,5356,27382
73525,8094,42262
51155,5356,16868
101339,11854,18753
101346,11854,44723
101345,11854,32884
101344,11854,45829
101343,11854,32002
101342,11854,33862
101341,11854,27050
101340,11854,29528
137360,17356,37281
51154,5356,32493
137361,17356,29008
137362,17356,34555
137363,17356,33599
137364,17356,1248
137365,17356,28544
137366,17356,4355
137367,17356,32287
101347,11854,30406
101348,11854,32013
101349,11854,25566
101350,11854,21127
101365,11854,45345
101364,11854,28746
101363,11854,15982
101362,11854,23186
101361,11854,31646
101360,11854,23183
101359,11854,37751
101358,11854,14593
101357,11854,31970
101356,11854,16256
101355,11854,34281
101354,11854,25389
101353,11854,14900
101352,11854,35580
101351,11854,27275
137368,17356,31768
137369,17356,32342
137370,17356,36909
137381,17356,36731
137383,17356,32272
137384,17356,45230
137385,17356,32282
137386,17356,24693
137387,17356,12753
137388,17356,29214
137389,17356,27035
137390,17356,39330
137391,17356,17563
137392,17356,21844
137393,17356,25024
137394,17356,45240
137395,17356,31386
137396,17356,19183
137397,17356,30707
137382,17356,17638
137380,17356,42221
137371,17356,33137
137379,17356,28377
101338,11854,12894
101337,11854,34412
101336,11854,19065
101335,11854,14649
101334,11854,19384
101333,11854,18881
101332,11854,20380
101331,11854,37371
137372,17356,41465
137373,17356,26405
137374,17356,20671
137375,17356,41311
137376,17356,45029
137377,17356,31732
137378,17356,24218
101366,11854,36572
101367,11854,37418
101368,11854,29932
73513,8094,14200
51152,5356,31713
51151,5356,16357
51150,5356,42350
119578,14570,25995
119579,14570,23155
119580,14570,30347
119581,14570,25974
119582,14570,25500
119583,14570,22022
119584,14570,46565
51149,5356,46428
51148,5356,10239
51147,5356,16225
153662,10907,44002
153663,10907,25591
51153,5356,24416
73514,8094,42744
153665,10907,45660
73515,8094,18918
73530,8094,33599
73529,8094,16024
73528,8094,32097
73527,8094,33724
73526,8094,41662
147932,19136,22841
73524,8094,43523
73523,8094,34103
73522,8094,24091
73521,8094,21344
73520,8094,18136
73519,8094,29182
73518,8094,25695
73517,8094,35660
73516,8094,39298
153664,10907,37846
153666,10907,33659
101369,11854,17849
153678,10907,29407
153680,10907,21123
153681,10907,27530
153682,10907,20902
153683,10907,35151
153684,10907,31041
153693,10907,20467
153685,10907,47107
153686,10907,42332
153687,10907,11544
153688,10907,25562
153689,10907,32175
153690,10907,42337
153691,10907,44401
153692,10907,32247
137359,17356,46920
153679,10907,35129
153677,10907,41710
153667,10907,37189
153676,10907,25024
153668,10907,33995
153669,10907,26749
153670,10907,25145
153671,10907,45421
153672,10907,20926
153700,10907,22301
153673,10907,31889
153699,10907,34221
153698,10907,29550
153697,10907,22734
153696,10907,30885
153695,10907,46184
153694,10907,25829
153674,10907,40852
153675,10907,45319
147933,19136,15674
147944,19136,29767
147931,19136,31178
14007,1319,29017
20611,1948,19110
26311,39480,34437
26312,39480,34817
26313,39480,36830
26314,39480,38428
26315,39480,19102
26316,39480,44597
26317,39480,12539
26318,39480,9566
26319,39480,46711
14005,1319,28381
14006,1319,43702
14008,1319,39609
26310,39480,35512
14009,1319,2231
14010,1319,18660
14011,1319,3173
119546,14570,35004
107061,25209,17834
107060,25209,30409
107059,25209,29700
107058,25209,16503
107057,25209,40513
119547,14570,19929
119548,14570,19339
119549,14570,24048
142868,18299,45658
13991,1319,13152
142853,18299,32211
142858,18299,28401
51184,5356,45947
51185,5356,17720
107067,25209,24520
107066,25209,25650
107065,25209,35016
107064,25209,41529
107063,25209,7951
107062,25209,47095
142854,18299,276
142855,18299,2244
142856,18299,31974
142857,18299,25676
142859,18299,35737
26308,39480,43666
142860,18299,43547
142861,18299,43422
142862,18299,32118
142863,18299,6349
20615,1948,14676
20614,1948,36073
20613,1948,7650
20612,1948,23282
142864,18299,36916
142865,18299,43141
142866,18299,18487
142867,18299,28201
119550,14570,23531
119551,14570,35830
119552,14570,31167
119561,14570,21121
13989,1319,20764
13990,1319,26675
107048,25209,35226
107047,25209,30805
107046,25209,20607
107045,25209,20606
107044,25209,34478
107043,25209,25797
119563,14570,27419
119562,14570,23857
119559,14570,14900
119560,14570,35176
14004,1319,16523
107056,25209,23161
14003,1319,25213
14002,1319,32819
14001,1319,4720
14000,1319,3513
13999,1319,21203
147930,19136,26003
13998,1319,12416
13997,1319,32480
13996,1319,7286
13995,1319,25166
13994,1319,38067
13993,1319,9154
13988,1319,1968
13987,1319,10602
13986,1319,14790
13985,1319,45474
107055,25209,13348
107054,25209,18425
107053,25209,16821
119553,14570,32504
119554,14570,15863
119555,14570,33958
119556,14570,19938
119557,14570,30097
119558,14570,46516
107052,25209,20072
107051,25209,33894
107050,25209,32744
107049,25209,32294
13973,1319,13962
13974,1319,11930
13975,1319,14722
13976,1319,45862
13977,1319,12028
13978,1319,35279
13979,1319,15421
13980,1319,5331
13981,1319,15882
13982,1319,42138
13983,1319,12121
13984,1319,20164
26307,39480,8134
26309,39480,39987
142852,18299,39179
26289,39480,37192
20631,1948,43538
20630,1948,29295
20629,1948,2713
26287,39480,4039
26288,39480,9049
20628,1948,36261
20627,1948,10384
20626,1948,24244
20625,1948,7198
20624,1948,37493
26290,39480,41153
26298,39480,12695
26291,39480,20025
26292,39480,35890
26293,39480,38534
26294,39480,17028
20623,1948,28861
26295,39480,6774
26296,39480,11854
20622,1948,32582
20621,1948,5593
20620,1948,15058
20632,1948,40664
107068,25209,26436
107069,25209,44983
107070,25209,34204
147929,19136,19328
147928,19136,28327
147927,19136,44221
147926,19136,37393
147925,19136,38535
147924,19136,27203
147923,19136,3650
147922,19136,45449
147921,19136,23094
147920,19136,36471
147919,19136,43517
147918,19136,27376
147917,19136,25186
147916,19136,20834
147915,19136,36156
147914,19136,41974
147913,19136,40874
107074,25209,31140
107073,25209,14948
107072,25209,31082
107071,25209,47486
26297,39480,7456
13992,1319,18963
26299,39480,44315
142844,18299,3843
26284,39480,33618
26283,39480,7047
26282,39480,39379
26303,39480,9146
26304,39480,8890
26305,39480,32478
26306,39480,5285
142841,18299,31167
142842,18299,29528
142843,18299,36426
142845,18299,25983
26301,39480,25012
142846,18299,34383
142847,18299,40705
142848,18299,46825
142849,18299,33131
142850,18299,38611
20619,1948,27966
20618,1948,15008
20617,1948,2174
20616,1948,43156
142851,18299,41256
26302,39480,45057
26281,39480,22268
142837,18299,21454
142839,18299,25000
142838,18299,19533
142840,18299,25507
26300,39480,39449
115356,46926,17688
115355,46926,17302
115354,46926,46892
115353,46926,29783
115352,46926,35075
115351,46926,33363
115350,46926,25017
115349,46926,31914
115337,46926,14733
115338,46926,33958
115339,46926,39528
115358,46926,27173
115340,46926,21685
115341,46926,31544
115342,46926,22802
115343,46926,21851
2553,39060,37740
2552,39060,30175
2551,39060,4779
2550,39060,44425
2549,39060,26874
146228,18877,29272
146227,18877,25336
115345,46926,44073
115357,46926,15724
115336,46926,10085
146232,18877,24010
146237,18877,34780
146218,18877,20248
146247,18877,25019
146246,18877,30751
115348,46926,20142
146245,18877,45828
146244,18877,27407
146243,18877,41890
146242,18877,33249
146241,18877,28436
146240,18877,19002
146239,18877,28835
146238,18877,40926
115363,46926,22402
115335,46926,42346
146236,18877,39290
146229,18877,31591
115329,46926,35875
115330,46926,43709
115331,46926,45767
115332,46926,36365
115362,46926,39700
115361,46926,14858
115360,46926,24219
115359,46926,23019
115333,46926,24624
115334,46926,24903
115344,46926,22805
146222,18877,46586
146226,18877,10585
146235,18877,47321
2526,39060,25151
2525,39060,22890
2524,39060,33666
146231,18877,37829
146230,18877,43912
115366,46926,40690
146219,18877,35243
115364,46926,24805
146216,18877,26188
146215,18877,47401
146214,18877,24554
146213,18877,22396
146212,18877,38838
2523,39060,38634
2522,39060,28957
2521,39060,35930
146211,18877,32275
146221,18877,33626
146233,18877,19651
146234,18877,41378
2520,39060,27557
2519,39060,17132
2518,39060,15902
2517,39060,39902
2516,39060,24316
2527,39060,10713
2528,39060,25998
2529,39060,5392
146248,18877,11034
2548,39060,38175
2547,39060,30049
2546,39060,24080
2545,39060,41024
2544,39060,14614
2543,39060,40583
2542,39060,39284
2541,39060,18951
2540,39060,24432
2539,39060,40878
2538,39060,21270
146225,18877,35242
2530,39060,35067
146224,18877,6901
146223,18877,23292
146220,18877,45016
146217,18877,35880
2537,39060,15115
2536,39060,17601
2535,39060,7556
2534,39060,8201
2533,39060,46851
2532,39060,28034
2531,39060,46844
115365,46926,17039
115347,46926,25492
109512,13028,24604
109514,13028,957
109485,13028,29680
109484,13028,31203
109483,13028,41694
109510,13028,45848
115346,46926,24727
109511,13028,26984
109513,13028,26553
109508,13028,46310
109487,13028,2803
109516,13028,9149
109517,13028,37364
109518,13028,29018
109519,13028,21788
109520,13028,41893
109509,13028,39422
109506,13028,41788
109486,13028,25845
109515,13028,32677
109488,13028,5148
109498,13028,42899
109502,13028,37903
109503,13028,26174
109489,13028,25297
109504,13028,43911
109505,13028,24120
109501,13028,33403
109500,13028,17328
109499,13028,26124
109507,13028,39595
109497,13028,44581
109491,13028,30452
109490,13028,24503
109495,13028,43823
109494,13028,16471
109493,13028,17054
109496,13028,29949
109492,13028,26497
73972,40495,26038
73973,40495,8183
73974,40495,10650
73975,40495,33715
67120,7322,29759
67119,7322,8654
73970,40495,8868
114996,13864,31791
114997,13864,23692
114998,13864,9428
73971,40495,10974
67134,7322,11767
67136,7322,42089
67135,7322,10987
67133,7322,11095
67132,7322,36903
67131,7322,32582
67130,7322,35890
67129,7322,14397
114981,13864,16026
114982,13864,31123
114983,13864,33258
114984,13864,30733
73969,40495,20661
67128,7322,13894
114999,13864,37790
67125,7322,8675
172108,24061,46184
172109,24061,29518
172110,24061,33787
172111,24061,39291
172112,24061,43178
172113,24061,38224
172114,24061,35817
114995,13864,19148
67127,7322,42346
67126,7322,11323
67124,7322,23076
115000,13864,41657
67123,7322,12894
172115,24061,46565
114979,13864,38349
114967,13864,16543
114980,13864,29317
67122,7322,8183
67121,7322,41849
115003,13864,22222
115002,13864,2204
115001,13864,18610
67118,7322,18280
73997,40495,12714
73990,40495,5879
53218,5612,25103
53231,5612,20881
53230,5612,34841
53229,5612,34253
53228,5612,39546
53227,5612,22301
53226,5612,16256
53225,5612,45334
53224,5612,47085
53223,5612,31773
53222,5612,17786
53221,5612,20038
53220,5612,30102
53219,5612,25135
53217,5612,29639
53233,5612,20142
53216,5612,23432
53215,5612,27763
53214,5612,22992
53213,5612,31388
53212,5612,15192
53211,5612,15834
53210,5612,21207
53209,5612,39487
53208,5612,23076
53206,5612,31203
53205,5612,28579
53204,5612,8357
53203,5612,39001
53232,5612,38971
53234,5612,45345
73963,40495,27643
73999,40495,609
73964,40495,33992
73965,40495,24619
73966,40495,42130
73967,40495,44371
73968,40495,12894
73991,40495,45867
73992,40495,22162
73993,40495,40880
73994,40495,11519
73995,40495,17315
73996,40495,11531
172106,24061,43996
73998,40495,11095
114985,13864,46169
53235,5612,29759
114986,13864,31677
114987,13864,24734
114988,13864,42561
114989,13864,22302
114990,13864,32344
114991,13864,45959
114992,13864,20328
114993,13864,34396
114994,13864,37352
53239,5612,25227
53238,5612,7840
53237,5612,43394
53236,5612,26020
172107,24061,32050
67137,7322,47071
172105,24061,46662
4106,374,15493
172083,24061,26708
44684,33598,37627
44683,33598,7657
67143,7322,27011
67142,7322,11257
67141,7322,16256
4107,374,6391
4104,374,9183
4108,374,34267
4109,374,24932
4110,374,29520
4111,374,46022
67140,7322,45345
44654,33598,28701
4105,374,18502
4103,374,29507
44656,33598,32885
4094,374,20717
4088,374,47198
4089,374,3013
4090,374,22571
4091,374,23167
4092,374,29040
4093,374,34700
4095,374,39381
4102,374,36879
4096,374,19364
4097,374,7415
4098,374,22718
4099,374,13952
4100,374,13233
4101,374,15629
44655,33598,9751
44657,33598,37070
4086,374,10288
44675,33598,8702
44669,33598,35497
44670,33598,47097
44671,33598,7652
44672,33598,35556
44673,33598,11375
44674,33598,45319
44676,33598,46313
44667,33598,27886
44677,33598,39253
44678,33598,21366
44679,33598,38408
44680,33598,18167
44681,33598,17113
44682,33598,43786
44668,33598,19958
44666,33598,43767
44658,33598,43153
172081,24061,34555
67139,7322,24219
114970,13864,30401
114971,13864,41752
114972,13864,23944
172079,24061,24659
172080,24061,35187
172082,24061,13440
44665,33598,5285
44659,33598,36320
44660,33598,24577
44661,33598,18708
44662,33598,33281
44663,33598,33164
44664,33598,15202
4087,374,18867
4085,374,11259
44690,33598,36414
172090,24061,43773
114976,13864,18803
114975,13864,36423
114974,13864,21296
114973,13864,27955
172092,24061,28419
172091,24061,32810
172089,24061,25006
114978,13864,18024
172088,24061,13790
172087,24061,26533
172086,24061,37563
172085,24061,29950
67154,7322,25182
67153,7322,17267
114977,13864,46620
172093,24061,32097
67151,7322,22022
172100,24061,41431
44689,33598,29242
67138,7322,16952
172104,24061,35169
172103,24061,43983
172102,24061,42820
172101,24061,5708
114968,13864,16092
172094,24061,27834
114969,13864,34959
172099,24061,36653
172098,24061,36796
172097,24061,47369
172096,24061,35411
172095,24061,38633
67152,7322,36293
67150,7322,34223
4084,374,26140
4076,374,9417
73988,40495,27011
73989,40495,22825
44687,33598,15315
44686,33598,9150
44685,33598,36106
4075,374,20740
4077,374,34872
73986,40495,30249
4078,374,33130
4079,374,23465
4080,374,21384
4081,374,4397
4082,374,14738
4083,374,26958
73987,40495,46892
73985,40495,17024
67149,7322,22271
73977,40495,25522
67148,7322,17359
172084,24061,27680
67147,7322,20142
67146,7322,11583
67145,7322,23413
73976,40495,26676
73978,40495,24903
73984,40495,20142
73979,40495,21851
73980,40495,21136
44688,33598,12630
73981,40495,42206
73982,40495,11113
73983,40495,15724
67144,7322,37618
53207,5612,41794
75438,24466,41077
75424,24466,14082
75406,24466,17809
75426,24466,5303
75407,24466,39561
75428,24466,15160
75429,24466,13049
75430,24466,43973
75431,24466,24024
75432,24466,10953
75433,24466,12835
75434,24466,11973
75435,24466,33441
75436,24466,42856
75437,24466,47498
75439,24466,35620
75440,24466,20383
75441,24466,26605
75442,24466,21716
75411,24466,29076
75410,24466,20064
75409,24466,21506
75408,24466,19323
75425,24466,16746
75427,24466,18349
75423,24466,23439
75416,24466,43260
75422,24466,12438
75412,24466,42753
75413,24466,33715
75415,24466,46617
75414,24466,22560
75417,24466,17438
75418,24466,8731
75419,24466,44217
75420,24466,28212
75421,24466,13467
132263,16517,29088
132795,16601,39461
132809,16601,22198
132808,16601,33222
132807,16601,17596
132806,16601,20404
103572,12152,15041
103573,12152,38804
103574,12152,14993
132799,16601,30741
132805,16601,40345
132804,16601,34841
132796,16601,11087
132797,16601,37115
132798,16601,16702
132803,16601,38217
132800,16601,41113
132801,16601,26697
132802,16601,39144
132810,16601,29064
103562,12152,26984
132811,16601,17072
132264,16517,33131
2720,241,10079
2719,241,34693
2718,241,47182
2717,241,40053
132273,16517,23846
132272,16517,3053
132271,16517,12243
132270,16517,46507
132269,16517,25957
132268,16517,34112
83082,9347,31098
103570,12152,44272
132267,16517,25962
132266,16517,47046
2136,195,17438
2135,195,32328
2134,195,17347
2133,195,36803
132265,16517,23191
103571,12152,43034
103569,12152,23062
2722,241,35293
103556,12152,46217
28005,32306,20202
28006,32306,34678
28007,32306,30449
103552,12152,28904
103553,12152,43050
103554,12152,19275
103555,12152,30452
103557,12152,45077
28003,32306,33136
103558,12152,33599
103559,12152,30939
103560,12152,35076
103561,12152,22623
106581,12619,36410
103563,12152,43649
110688,25297,40021
28004,32306,7986
28002,32306,45258
103568,12152,33018
27992,32306,31591
27984,32306,34516
27985,32306,46258
27986,32306,16273
27987,32306,24061
27988,32306,28949
27990,32306,26349
27991,32306,26351
27993,32306,37871
28001,32306,27730
27994,32306,12369
27995,32306,19993
27996,32306,9905
27997,32306,40577
27998,32306,7471
27999,32306,7378
28000,32306,45752
110687,25297,36565
110686,25297,29552
110685,25297,43763
132790,16601,42648
35975,23650,43494
35974,23650,39945
132785,16601,39072
132786,16601,26707
132787,16601,27569
132788,16601,21690
132789,16601,27895
132791,16601,41286
110684,25297,40857
132792,16601,36392
132793,16601,26681
132794,16601,9651
103564,12152,23453
103565,12152,23406
103566,12152,35280
103567,12152,22222
35976,23650,15268
35977,23650,46202
35978,23650,17360
35979,23650,5003
106582,12619,45555
110683,25297,22321
110682,25297,14676
110681,25297,14618
110680,25297,20835
110679,25297,47439
110678,25297,25184
110677,25297,39313
110676,25297,19298
106583,12619,26470
106584,12619,39665
106585,12619,23019
106586,12619,34223
35981,23650,25019
35980,23650,29064
2721,241,5726
172889,24218,42714
132274,16517,27263
2162,195,25015
2155,195,17108
2156,195,16521
2157,195,33162
2158,195,11262
2159,195,13102
2160,195,37077
2161,195,15004
2163,195,21411
172873,24218,39875
132279,16517,42872
132280,16517,18736
132281,16517,31891
106551,12619,22314
106552,12619,30304
106553,12619,26849
106554,12619,43204
172862,24218,38405
172863,24218,28612
172864,24218,43196
172865,24218,36992
2152,195,42180
2153,195,16163
2154,195,21089
64433,24249,40658
64434,24249,45587
64435,24249,46784
35959,23650,23062
35960,23650,31439
172872,24218,45652
172871,24218,26984
172870,24218,28471
172869,24218,25648
172868,24218,32638
172867,24218,43207
172866,24218,44002
106555,12619,21765
106556,12619,28010
106557,12619,14858
35963,23650,21391
35965,23650,27484
35966,23650,23162
35967,23650,39596
35968,23650,31413
35969,23650,23172
35970,23650,11715
35971,23650,4592
35972,23650,5450
35973,23650,19519
172860,24218,34641
172859,24218,19962
172858,24218,35830
172857,24218,44371
172856,24218,33431
172855,24218,12276
35964,23650,10943
106568,12619,24219
106558,12619,19975
106567,12619,28602
106559,12619,22906
106560,12619,18426
106561,12619,16234
106562,12619,26384
106563,12619,21739
106564,12619,17594
106565,12619,32097
132282,16517,25600
132283,16517,45323
132284,16517,41791
132285,16517,46517
172861,24218,33599
35961,23650,26675
35962,23650,41465
106566,12619,43678
64432,24249,5547
172874,24218,30707
132275,16517,21842
2737,241,27772
2730,241,11689
2731,241,36385
2732,241,29320
2733,241,4320
2734,241,20541
2735,241,4760
2736,241,34804
2738,241,16379
172875,24218,42346
2739,241,30205
2740,241,12179
2741,241,38114
2742,241,25341
2743,241,38574
2744,241,42820
2745,241,28741
2729,241,29998
2728,241,36448
2727,241,24899
2726,241,4836
132276,16517,22304
27982,32306,9485
172888,24218,28561
172887,24218,35406
172886,24218,34841
172885,24218,20300
35953,23650,17915
35954,23650,5981
35955,23650,20481
35956,23650,2419
132277,16517,19900
132278,16517,8028
2723,241,32234
2724,241,14681
2725,241,19132
2746,241,7930
2747,241,14807
2748,241,35474
172884,24218,25024
2145,195,1081
2146,195,22049
2147,195,19133
2148,195,41776
172883,24218,30543
2149,195,20276
2150,195,34577
2151,195,9140
172882,24218,37525
172881,24218,35950
172880,24218,37508
172879,24218,27203
172878,24218,44272
172877,24218,46258
172876,24218,45449
2144,195,13442
64431,24249,34980
2749,241,2911
64430,24249,13110
2750,241,33268
2751,241,29349
2752,241,1218
35957,23650,37384
35958,23650,28675
2137,195,27704
2138,195,1654
2139,195,13678
2140,195,43371
2141,195,16887
2142,195,24274
2143,195,23809
64427,24249,38435
64428,24249,26486
64429,24249,35338
27983,32306,7554
27989,32306,17152
27981,32306,26685
35947,23650,12152
35949,23650,5197
35950,23650,14634
35951,23650,16309
64426,24249,8278
64425,24249,17583
64424,24249,20750
64423,24249,29988
64422,24249,24993
64421,24249,14679
64420,24249,33111
55305,40081,46040
55304,40081,17776
55303,40081,30948
83047,9347,42122
83048,9347,18182
35948,23650,7047
35946,23650,31528
83050,9347,45960
55306,40081,28479
132262,16517,42854
106575,12619,14612
106576,12619,41681
106577,12619,14432
103478,12146,15832
106573,12619,39546
55315,40081,18351
55314,40081,44692
55313,40081,35257
55312,40081,5921
55311,40081,20869
55310,40081,37232
55309,40081,20488
55308,40081,44820
55307,40081,33073
83049,9347,38972
83051,9347,45099
106574,12619,30741
64416,24249,33752
35952,23650,24099
172890,24218,24822
106572,12619,7471
106571,12619,18894
132252,16517,23843
132251,16517,21114
132250,16517,34682
27980,32306,46151
106570,12619,14092
106569,12619,17792
106578,12619,15687
83056,9347,20702
83057,9347,25766
83058,9347,33919
83059,9347,46588
64415,24249,35874
64417,24249,40495
83052,9347,32890
64418,24249,23465
83053,9347,9993
83054,9347,14498
83055,9347,38719
55302,40081,11499
55301,40081,28763
55300,40081,9333
55299,40081,8364
55298,40081,37658
55297,40081,34410
55296,40081,41398
55295,40081,29299
55294,40081,46877
55293,40081,10321
55292,40081,42627
64419,24249,11725
132253,16517,18577
132254,16517,31904
83061,9347,14696
6507,602,12434
6505,602,44968
6504,602,23459
6503,602,7592
6502,602,35836
6501,602,37857
6500,602,17966
6499,602,17579
6498,602,32654
6497,602,23945
6496,602,31104
6495,602,10369
64445,24249,29394
64444,24249,29244
64443,24249,41681
64442,24249,22169
6506,602,3013
6508,602,37663
64440,24249,9142
6509,602,24061
6524,602,21979
6523,602,27115
6522,602,5041
6521,602,45132
6520,602,9795
6519,602,23546
6518,602,33550
6517,602,13440
6516,602,1124
6515,602,12950
6514,602,37764
6513,602,19632
6512,602,12779
6511,602,2699
6510,602,6944
64441,24249,24235
64439,24249,7075
64450,24249,38810
64447,24249,9984
64437,24249,33321
64436,24249,23808
55327,40081,307
55326,40081,39950
55325,40081,33377
55324,40081,23493
55323,40081,42747
55322,40081,37627
55321,40081,31285
55320,40081,29008
55319,40081,32484
55318,40081,15031
55317,40081,25298
55316,40081,35721
64449,24249,28151
64448,24249,19567
64446,24249,20144
64438,24249,31245
6530,602,35278
132255,16517,43312
132256,16517,24508
132257,16517,20439
132258,16517,18982
132259,16517,26817
132260,16517,23480
103473,12146,25891
103474,12146,38465
103475,12146,20801
103476,12146,35673
6527,602,18524
6528,602,6969
103477,12146,25012
132261,16517,17447
6529,602,47380
6526,602,22786
83060,9347,28081
83062,9347,26000
110703,25297,29744
103505,12146,47531
103506,12146,10300
103507,12146,15131
103508,12146,25998
110702,25297,28251
110701,25297,26242
110700,25297,32087
110699,25297,42141
110698,25297,14275
110697,25297,34112
110696,25297,40410
110695,25297,43537
110694,25297,44581
110693,25297,20540
110692,25297,29621
103504,12146,36915
110704,25297,38319
110690,25297,28081
110705,25297,27589
103500,12146,47421
103501,12146,12493
103502,12146,43543
103503,12146,14084
316,25,29245
317,25,30582
318,25,42622
319,25,4251
320,25,23199
110711,25297,35039
110710,25297,40253
110709,25297,46565
110708,25297,20644
110707,25297,13463
110706,25297,37364
110691,25297,24903
110689,25297,42899
103498,12146,43228
103543,12152,46926
103545,12152,28666
103546,12152,41985
103547,12152,42138
103548,12152,17024
103549,12152,20164
103550,12152,35037
103551,12152,2231
27972,32306,11008
27973,32306,9375
27974,32306,17724
27975,32306,36508
27976,32306,8183
27977,32306,2261
27978,32306,22138
27979,32306,25853
103544,12152,35279
103542,12152,25828
2128,195,31440
103541,12152,21017
2129,195,16774
2130,195,5004
2131,195,6070
2132,195,17186
132776,16601,32696
132777,16601,30543
132778,16601,45783
132779,16601,19009
132780,16601,31267
132781,16601,25597
132782,16601,40274
132783,16601,44757
132784,16601,20028
103539,12152,14722
103540,12152,24886
83063,9347,24247
103499,12146,19565
103497,12146,23730
293,25,8041
295,25,8543
296,25,26533
297,25,19539
298,25,1226
299,25,18202
300,25,42713
301,25,45631
302,25,29536
303,25,10626
304,25,2163
103479,12146,35388
103480,12146,28577
103481,12146,44057
103482,12146,35635
315,25,11829
294,25,17328
292,25,25145
305,25,27914
291,25,22790
83064,9347,9300
83065,9347,37042
83066,9347,47070
83067,9347,39870
83068,9347,19199
83069,9347,9543
83070,9347,39595
106579,12619,29857
106580,12619,29342
285,25,15170
286,25,38806
287,25,13380
288,25,1060
289,25,39877
290,25,3914
103484,12146,14517
103483,12146,13755
306,25,1651
311,25,26832
83080,9347,46657
307,25,12007
103492,12146,23211
308,25,13006
309,25,23592
310,25,5241
103493,12146,29776
103491,12146,25604
103494,12146,9729
103495,12146,29312
103496,12146,47411
312,25,16163
313,25,39107
314,25,11837
83079,9347,34127
83081,9347,44849
83078,9347,13753
83077,9347,35967
103485,12146,15395
103486,12146,31266
103487,12146,44961
103488,12146,17872
103489,12146,16918
103490,12146,28310
83071,9347,34899
6525,602,41683
83072,9347,37313
83073,9347,26663
83074,9347,15403
83075,9347,23689
83076,9347,18312
95939,11121,40290
95937,11121,6525
95935,11121,24805
95932,11121,39442
95934,11121,32258
95933,11121,42220
95938,11121,17615
66529,7247,18735
66521,7247,35902
66522,7247,10307
66519,7247,43887
59423,6346,47256
59422,6346,24697
59421,6346,33365
59420,6346,25540
66531,7247,39937
66530,7247,24308
66528,7247,30433
66527,7247,17006
66526,7247,15992
95945,11121,22861
95944,11121,36982
95943,11121,15501
95942,11121,37465
95941,11121,29520
66525,7247,9506
66524,7247,20869
66523,7247,16898
95940,11121,14949
66520,7247,42564
95936,11121,38596
66518,7247,13182
80793,9062,12704
80794,9062,44594
80795,9062,29199
80796,9062,46868
80797,9062,25789
80798,9062,17039
80799,9062,28925
80800,9062,13925
59419,6346,30284
59418,6346,23059
59417,6346,12186
59416,6346,29590
59415,6346,39798
59414,6346,2903
59413,6346,33923
59412,6346,39226
59411,6346,11298
59410,6346,40966
59409,6346,29640
59408,6346,26263
59407,6346,33437
59406,6346,10900
59405,6346,27065
59404,6346,18156
59403,6346,22802
59402,6346,41258
95930,11121,14697
80792,9062,43187
66517,7247,27602
80791,9062,33812
80766,9062,19839
80767,9062,20566
80768,9062,46968
80769,9062,13521
80770,9062,20973
80771,9062,40511
80772,9062,33658
80773,9062,32796
80774,9062,7327
80775,9062,33998
80776,9062,47497
80777,9062,25120
80778,9062,44409
80779,9062,24810
80780,9062,13543
80781,9062,24061
80782,9062,14128
80783,9062,36584
80784,9062,46970
80785,9062,42993
80786,9062,5781
80787,9062,13006
80788,9062,28376
80789,9062,17748
80790,9062,40577
95931,11121,39463
2280,202,20372
95929,11121,20316
2281,202,37267
58187,6194,16152
58188,6194,34127
58189,6194,30985
21057,44270,44758
21058,44270,13665
21059,44270,16270
21060,44270,22394
21061,44270,29158
21062,44270,22184
21063,44270,30469
21064,44270,39413
21065,44270,6160
21066,44270,5989
21067,44270,39061
21068,44270,34229
21069,44270,35107
21070,44270,17229
21071,44270,43833
21072,44270,36554
21073,44270,18345
21074,44270,45441
21075,44270,25337
21076,44270,10122
21077,44270,21924
21078,44270,10863
58186,6194,35967
59400,6346,7015
95928,11121,19459
58185,6194,29747
17967,1701,26423
17968,1701,39355
17969,1701,3164
2278,202,45034
2279,202,14274
58165,6194,32152
58166,6194,32181
58167,6194,6520
58168,6194,40860
58169,6194,31455
58170,6194,24901
58171,6194,1790
58172,6194,24247
58173,6194,10585
58174,6194,41393
58175,6194,45534
58176,6194,34983
58177,6194,7767
58178,6194,17634
58179,6194,26106
58180,6194,37884
58181,6194,40362
58182,6194,15352
58183,6194,45541
58184,6194,44698
21079,44270,7206
21080,44270,27260
21081,44270,42245
21082,44270,21795
2288,202,5839
2289,202,8500
2290,202,39764
2291,202,25370
35420,3560,14026
35421,3560,30319
35422,3560,22802
2292,202,23605
35441,3560,30270
35440,3560,18559
35439,3560,33196
35438,3560,8801
35437,3560,22639
35436,3560,41688
35435,3560,5991
35434,3560,25175
35433,3560,40930
35432,3560,6915
35431,3560,34949
35430,3560,19873
35429,3560,43788
35428,3560,20502
35427,3560,3850
35423,3560,19856
35424,3560,22662
2287,202,8754
2286,202,20152
2285,202,28922
35409,3560,8180
21083,44270,33324
21084,44270,21232
21085,44270,27082
21086,44270,23409
21087,44270,39290
21088,44270,32928
21089,44270,9707
21090,44270,22399
21091,44270,13660
35407,3560,41903
35408,3560,20607
35410,3560,28308
2284,202,6004
35411,3560,33894
35412,3560,22599
35413,3560,18107
35414,3560,6346
35415,3560,36518
35416,3560,16455
35417,3560,29265
35418,3560,43169
35419,3560,22586
2282,202,1894
2283,202,346
17966,1701,31520
17965,1701,18735
17964,1701,12318
2262,202,393
2878,252,40368
2877,252,16297
2876,252,46111
2875,252,46023
2874,252,27767
2873,252,38782
2872,252,330
2871,252,43283
2870,252,8197
2869,252,23624
2868,252,8735
2867,252,5332
2866,252,41085
2865,252,32685
2864,252,19807
2863,252,45776
2862,252,11362
2861,252,44671
2860,252,44719
2859,252,5984
2858,252,26340
2857,252,20607
2258,202,44684
2259,202,15002
2260,202,10115
2879,252,19780
2880,252,21878
2881,252,22581
95916,11121,22307
95927,11121,26783
95926,11121,13133
95925,11121,18442
95924,11121,35083
95923,11121,14645
95922,11121,20221
95921,11121,31039
95920,11121,44474
95919,11121,27748
95918,11121,23432
95917,11121,17688
95915,11121,32537
2882,252,44043
95914,11121,39726
95913,11121,34642
2891,252,21978
2890,252,36844
2889,252,15778
2888,252,2840
2887,252,20194
2886,252,40339
2885,252,7879
2884,252,45462
2883,252,14610
2261,202,4203
2263,202,30192
17963,1701,25418
2264,202,4208
17948,1701,32667
17949,1701,30193
17950,1701,25702
17951,1701,22677
17952,1701,10183
17953,1701,4341
17954,1701,9132
17955,1701,30297
17956,1701,6317
17957,1701,13003
17958,1701,31606
17959,1701,40921
17960,1701,748
17961,1701,31620
58155,6194,43954
58156,6194,10696
58157,6194,5674
58158,6194,17695
58159,6194,32605
58160,6194,2261
58161,6194,3660
58162,6194,24203
58163,6194,36465
58164,6194,8189
17962,1701,44538
17947,1701,19153
17946,1701,22446
17945,1701,713
95912,11121,15855
2265,202,10885
2266,202,36216
2267,202,25243
2268,202,21733
2269,202,31769
2270,202,32304
2271,202,40955
2272,202,38436
2273,202,37152
2274,202,26716
2275,202,18485
95911,11121,36155
17944,1701,4966
2276,202,42124
2277,202,37392
17935,1701,31151
17936,1701,16392
17937,1701,2644
17938,1701,16135
17939,1701,16357
17940,1701,5008
17941,1701,1729
17942,1701,43887
17943,1701,14118
59401,6346,14026
35426,3560,11669
16376,1554,13492
16371,1554,29212
16375,1554,11432
66515,7247,46739
66514,7247,40326
66513,7247,28870
16374,1554,24007
16373,1554,11640
16372,1554,40902
16370,1554,15653
16385,1554,5784
16369,1554,6505
16377,1554,34422
16378,1554,12077
16379,1554,38483
16380,1554,28383
16381,1554,25383
16382,1554,20744
59397,6346,17688
59396,6346,6626
59395,6346,17865
59394,6346,36365
66499,7247,30443
66498,7247,22937
66497,7247,23368
66501,7247,40553
35425,3560,33747
66502,7247,21161
59389,6346,29496
59390,6346,44365
59391,6346,22402
66503,7247,33442
66504,7247,22057
66505,7247,26860
66516,7247,13003
59392,6346,45767
59393,6346,12515
16383,1554,25351
16384,1554,5881
16395,1554,6341
16364,1554,25628
66506,7247,32667
66507,7247,12363
16368,1554,15182
66508,7247,42262
66509,7247,35360
66510,7247,24966
66511,7247,43118
66512,7247,8287
16386,1554,46361
16367,1554,40896
16366,1554,32496
16365,1554,15926
66500,7247,26807
59399,6346,24049
16389,1554,39658
16363,1554,44759
16362,1554,19205
16394,1554,24731
16393,1554,28839
16392,1554,40823
16391,1554,18109
16390,1554,4793
16361,1554,42746
16387,1554,20927
59398,6346,35075
16388,1554,36744
31957,3176,4545
165786,34804,46247
31958,3176,33492
31963,3176,7481
31959,3176,26325
31960,3176,30620
31961,3176,19049
31962,3176,31566
31964,3176,27639
165787,34804,28522
165785,34804,40314
27601,43450,25751
165784,34804,24058
48719,5075,23059
48708,5075,32296
48709,5075,27065
48710,5075,45767
48711,5075,15353
48712,5075,34126
48713,5075,34305
48714,5075,6268
48715,5075,19856
48716,5075,6626
48717,5075,22110
48718,5075,29590
48720,5075,45088
165783,34804,12750
48721,5075,37467
48722,5075,41278
48723,5075,45656
31955,3176,27361
165776,34804,41948
165777,34804,7817
165778,34804,44174
165779,34804,46592
165780,34804,27772
165781,34804,18014
165782,34804,46062
31956,3176,38318
31945,3176,36385
31954,3176,31083
12873,1199,5879
12875,1199,27173
9360,853,29373
9359,853,1466
9358,853,24519
9357,853,32622
9356,853,3607
9355,853,13149
9354,853,17507
9353,853,17662
9352,853,32406
9351,853,1804
9350,853,16163
9349,853,39698
9348,853,42249
12876,1199,22061
12877,1199,24030
12878,1199,44194
12874,1199,2780
12872,1199,31628
12880,1199,1559
12871,1199,46410
12855,1199,24458
9361,853,47217
12856,1199,4087
12857,1199,29116
12858,1199,35011
12859,1199,40261
12860,1199,1774
12861,1199,36220
12862,1199,40805
12863,1199,2139
12864,1199,27947
12865,1199,18210
12866,1199,5320
12867,1199,29618
12868,1199,39461
12869,1199,30205
12870,1199,8444
12879,1199,47481
12881,1199,13098
31953,3176,7755
31934,3176,27960
31936,3176,41513
31937,3176,20750
31938,3176,3964
31939,3176,24369
31940,3176,4091
31941,3176,17735
31942,3176,35736
31943,3176,26512
31944,3176,24466
48706,5075,7015
31946,3176,36312
31947,3176,37888
31948,3176,13861
31949,3176,33755
31950,3176,23966
31951,3176,21961
31952,3176,13782
31935,3176,9427
